text,language,department,severity,locality,ward
garden मध्ये swings तुटलेत,mix,TREE,P4,,
चंदननगर भागात कचराकुंडी तुटली आहे,mr,SWM,P4,chandan_nagar,W09
पेव्हर ब्लॉक निघाले आहेत,mr,ROAD,P3,,
विश्रांतवाडी येथे रस्त्याचे काम अर्धवट सोडले आहे,mr,ROAD,P3,vishrantwadi,W15
"nala cleaning झाली नाही, लवकर काहीतरी करा please",mix,DRAIN,P3,,
आमच्या society जवळ drainage block झालंय,mix,DRAIN,P2,,
"timber market मध्ये झाड वाकलंय, पडेल असं वाटतं, लवकर काहीतरी करा please",mix,TREE,P1,timber_market,W02
kachryacha dheeg padla ahe,rom,SWM,P3,,
mundhava area मध्ये rats चा problem आहे,mix,HEALTH,P3,mundhwa,W05
धनकवडी येथे कुत्र्यांची नसबंदी करावी,mr,VET,P4,dhankawadi,W13
yewalewadi madhe rastyavar khup khadde ahet,rom,ROAD,P3,yewalewadi,W07
सहकार नगर येथे शौचालयात पाणी नाही,mr,HEALTH,P3,sahakarnagar,W13
"टिंगरे नगरमध्ये टँकर पाठवा, पिण्यासाठी पाणी नाही",mr,WATER,P2,tingre_nagar,W15
"पानी का प्रेशर बहुत कम है, कोई सुनवाई नहीं हो रही",hi,WATER,P3,,
ढोले पाटील रोड येथे ड्रेनेज लाइन फुटली आहे,mr,DRAIN,P2,dhole_patil_road,W04
हमारे इलाके में स्ट्रीट लाइट बंद है,hi,ELEC,P3,,
पथदिवा सतत बंद-चालू होतो,mr,ELEC,P4,,
"illegal stalls उभे आहेत, please लवकर action घ्या",mix,ENCROACH,P3,,
sinhagad road madhe khaddyamule accident zala,rom,ROAD,P2,sinhagad_road,W11
आमच्या भागात पिसाळलेला कुत्रा फिरत आहे,mr,VET,P1,,
विश्रांतवाडी area मध्ये dengue चे cases वाढलेत,mix,HEALTH,P1,vishrantwadi,W15
डेक्कन येथे वाळलेले झाड कधीही पडेल,mr,TREE,P1,deccan,W10
"वडगाव बुद्रुकमध्ये पिण्याच्या पाण्यात अळ्या दिसतात, लोक आजारी आहेत, तक्रार करूनही काही झाले नाही",mr,WATER,P1,vadgaon_budruk,W11
"sb road मध्ये nala cleaning झाली नाही, complaint करूनही response नाही",mix,DRAIN,P3,sb_road,W10
रामटेकडी येथे जखमी जनावर रस्त्यावर पडले आहे,mr,VET,P2,ramtekdi,W14
"nali jam hai, lok trast ahet",rom,DRAIN,P2,,
टिंगरे नगर में डेंगू के कई मरीज़ मिले हैं,hi,HEALTH,P1,tingre_nagar,W15
हमारे इलाके में लावारिस गाड़ियां खड़ी हैं,hi,ENCROACH,P4,,
हातगाड्यांमुळे वाहतूक कोंडी होते. कोणीही दखल घेत नाही,mr,ENCROACH,P3,,
makadancha tras ahe,rom,VET,P3,,
धानोरीमध्ये पिसाळलेला कुत्रा फिरत आहे,mr,VET,P1,dhanori,W15
"उंदरांचा उपद्रव वाढला आहे, कृपया लवकर लक्ष द्या",mr,HEALTH,P3,,
"nali jam hai, complaint karun pan kahi zala nahi",rom,DRAIN,P2,,
वानवडी इलाके में पानी का प्रेशर बहुत कम है,hi,WATER,P3,wanowrie,W14
"रस्ता खचला आहे आणि मोठा खड्डा तयार झाला, कृपया लवकर लक्ष द्या",mr,ROAD,P2,,
"street light बंद आहे, लवकर काहीतरी करा please",mix,ELEC,P3,,
साळुंखे विहार परिसरात दिवसाही पथदिवे चालू असतात,mr,ELEC,P4,salunke_vihar,W14
वारजे परिसरात सार्वजनिक शौचालय घाण आहे,mr,HEALTH,P3,warje,W12
दुकानदारांनी पत्र्याचे छत रस्त्यापर्यंत वाढवले आहे. कोणीही दखल घेत नाही,mr,ENCROACH,P3,,
gultekdi madhe bhint padayla ali ahe,rom,BUILD,P1,gultekdi,W03
bhavani peth मध्ये garbage उचलला नाही,mix,SWM,P3,bhavani_peth,W02
street light flicker होतो,mix,ELEC,P4,,
कल्याणी नगर भागात अनधिकृत टपऱ्या उभ्या आहेत,mr,ENCROACH,P3,kalyani_nagar,W09
धूरफवारणी झालेली नाही. कोणीही दखल घेत नाही,mr,HEALTH,P3,,
"पेड़ सड़क पर गिर गया है, लोग परेशान हैं",hi,TREE,P1,,
Singhad Road madhe undir khup zale ahet,rom,HEALTH,P3,sinhagad_road,W11
"oundh madhe streetlight band ahe, please lavkar bagha",rom,ELEC,P3,aundh,W01
kondhwa area मध्ये hawkers नी footpath block केलाय,mix,ENCROACH,P3,kondhwa,W07
बंदरों का उत्पात बढ़ गया है,hi,VET,P3,,
"पिण्याच्या पाण्यात अळ्या दिसतात, लोक आजारी आहेत. लवकर कारवाई करा",mr,WATER,P1,,
amchya area madhe kachryacha dheeg padla ahe,rom,SWM,P3,,
"dirty पाणी येतंय नळाला, रोजचा problem झालाय",mix,WATER,P2,,
पैदल रास्ते पर रेहड़ी वालों ने जगह घेर ली है,hi,ENCROACH,P3,,
नकाशा मंजूर न करता इमारत बांधली. कृपया लवकर लक्ष द्या,mr,BUILD,P3,,
yerwada la bhatki kutri khup ahet,rom,VET,P3,yerawada,W15
tadiwala road la baget gavat vadhla ahe,rom,TREE,P3,tadiwala_road,W04
धायरी येथे दुभाजक तुटून सळ्या बाहेर आल्या आहेत,mr,ROAD,P2,dhayari,W11
"गोखलेनगर में नई सड़क कुछ दिनों में उखड़ गई, कृपया जल्दी ध्यान दें",hi,ROAD,P3,gokhalenagar,W10
पाषाण परिसरात झाडाची फांदी तुटून लोंबकळत आहे,mr,TREE,P1,pashan,W01
malaria che cases ahet,rom,HEALTH,P2,,
"Yerawada madhe kachra kundi bharleli ahe, please lavkar bagha",rom,SWM,P3,yerawada,W15
अनधिकृत टपऱ्या उभ्या आहेत. कृपया लवकर लक्ष द्या,mr,ENCROACH,P3,,
आमच्या society जवळ pole ला current आहे,mix,ELEC,P1,,
पौड रोडमध्ये पथदिवे बंद आहेत,mr,ELEC,P3,paud_road,W08
गणेश पेठ येथे रस्त्यावर खूप खड्डे पडले आहेत,mr,ROAD,P3,ganesh_peth,W02
वडगाव बुद्रुकमध्ये मोकाट गायी रस्त्यात बसतात,mr,VET,P3,vadgaon_budruk,W11
"गणेश पेठमध्ये कुत्र्याने मुलाला चावा घेतला, कोणीही दखल घेत नाही",mr,VET,P1,ganesh_peth,W02
बानेर में नाली जाम है,hi,DRAIN,P2,baner,W01
सेनापती बापट रोड परिसरात बागेत गवत वाढले आहे,mr,TREE,P3,sb_road,W10
पाषाण परिसरात पथदिवा सतत बंद-चालू होतो,mr,ELEC,P4,pashan,W01
नवीन नळजोडणी झालेली नाही. नागरिक त्रस्त आहेत,mr,WATER,P4,,
streetlight band ahe,rom,ELEC,P3,,
सेनापती बापट रोड परिसरात परवानगीशिवाय झाड तोडले,mr,TREE,P3,sb_road,W10
मार्केट यार्ड येथे लोक उघड्यावर कचरा टाकतात,mr,SWM,P3,market_yard,W03
फर्ग्युसन रोडमध्ये मोठ्या खड्ड्यामुळे दुचाकीचा अपघात झाला,mr,ROAD,P2,fc_road,W10
नारायण पेठ भागात डेंग्यूचे अनेक रुग्ण आढळले,mr,HEALTH,P1,narayan_peth,W06
"Shaniwar Peth madhe tanker pathva pani nahi, lok trast ahet",rom,WATER,P2,shaniwar_peth,W06
हमारे इलाके में पार्क के झूले टूटे हैं,hi,TREE,P4,,
उद्यानातील खेळणी तुटली आहेत,mr,TREE,P4,,
आवारा कुत्तों का आतंक है। कोई सुनवाई नहीं हो रही,hi,VET,P3,,
मोठी branch लटकतेय,mix,TREE,P1,,
market yard area मध्ये pothole मुळे accident झाला,mix,ROAD,P2,market_yard,W03
फुटपाथ टूटा हुआ है। कोई सुनवाई नहीं हो रही,hi,ROAD,P3,,
"illegal hoarding lavla ahe, please lavkar bagha",rom,ENCROACH,P3,,
आमच्या society जवळ mosquito चा त्रास वाढलाय,mix,HEALTH,P3,,
"खराडी में दिन में भी लाइट जलती रहती है, कृपया जल्दी ध्यान दें",hi,ELEC,P4,kharadi,W09
"बिजली का तार लटक रहा है, कोई सुनवाई नहीं हो रही",hi,ELEC,P1,,
आमच्या भागात ड्रेनेज लाइन फुटली आहे,mr,DRAIN,P2,,
amchya area madhe pavsache pani sachte,rom,DRAIN,P2,,
शिवाजीनगर इलाके में सड़क का काम अधूरा छोड़ दिया गया है,hi,ROAD,P3,shivajinagar,W10
"पेड़ की डाल टूटकर लटक रही है, तुरंत कार्रवाई करें",hi,TREE,P1,,
सड़क पर सामान रखकर रास्ता रोका है,hi,ENCROACH,P3,,
सिंहगड रोडमध्ये रस्त्यालगतचा जाहिरात फलक धोकादायकरीत्या झुकला आहे,mr,ENCROACH,P1,sinhagad_road,W11
"खराडी मध्ये abandoned vehicles पडून आहेत, please लवकर action घ्या",mix,ENCROACH,P4,kharadi,W09
बालेवाडी येथे धूरफवारणी झालेली नाही,mr,HEALTH,P3,balewadi,W01
आमच्या society जवळ रात्री construction noise असतो,mix,BUILD,P4,,
mosquito चा त्रास वाढलाय,mix,HEALTH,P3,,
शौचालयात पाणी नाही,mr,HEALTH,P3,,
साचलेल्या पाण्यात डासांच्या अळ्या आहेत,mr,HEALTH,P3,,
आमच्या society जवळ abandoned vehicles पडून आहेत,mix,ENCROACH,P4,,
"road वर मोठे potholes आहेत, रोजचा problem झालाय",mix,ROAD,P3,,
कोथरूड भागात कचरा गाडी आलेली नाही,mr,SWM,P3,kothrud,W08
"Sahakar Nagar madhe nali jam hai, lavkar action ghya",rom,DRAIN,P2,sahakarnagar,W13
डेंग्यूचे अनेक रुग्ण आढळले,mr,HEALTH,P1,,
Nana Peth madhe machhar bahut hain,rom,HEALTH,P3,nana_peth,W02
पद्मावतीमध्ये इमारतीची भिंत पडायला आली आहे,mr,BUILD,P1,padmavati,W13
"ghantagadi vel var yet nahi, lok trast ahet",rom,SWM,P3,,
"Dhole Patil Road madhe rasta khodun tasach sodla ahe, lavkar action ghya",rom,ROAD,P3,dhole_patil_road,W04
amchya area madhe mela kutra padla ahe,rom,VET,P2,,
बांधकामाची धूळ घरात येते. तक्रार करूनही काही झाले नाही,mr,BUILD,P3,,
"ढोले पाटील रोडमध्ये कुत्र्यांची नसबंदी करावी, नागरिक त्रस्त आहेत",mr,VET,P4,dhole_patil_road,W04
मैनहोल का ढक्कन गायब है। कोई सुनवाई नहीं हो रही,hi,DRAIN,P1,,
सहकारनगर में पेड़ सड़क पर गिर गया है,hi,TREE,P1,sahakarnagar,W13
गुलटेकडी परिसरात कचराकुंडी भरून वाहत आहे,mr,SWM,P3,gultekdi,W03
साळुंखे विहार भागात उंदरांचा उपद्रव वाढला आहे,mr,HEALTH,P3,salunke_vihar,W14
pavsache pani sachte,rom,DRAIN,P2,,
बिजली का तार लटक रहा है,hi,ELEC,P1,,
"पानी का टैंकर भेजिए, लोग परेशान हैं",hi,WATER,P2,,
उंदरांचा उपद्रव वाढला आहे. तक्रार करूनही काही झाले नाही,mr,HEALTH,P3,,
"Erandwana madhe gadhul pani yeta nalala, lok trast ahet",rom,WATER,P2,erandwane,W08
मच्छरों का बहुत आतंक है। कृपया जल्दी ध्यान दें,hi,HEALTH,P3,,
machhar bahut hain,rom,HEALTH,P3,,
हमारे इलाके में सड़क पर सामान रखकर रास्ता रोका है,hi,ENCROACH,P3,,
dhayari madhe bhatki kutri khup ahet,rom,VET,P3,dhayari,W11
विठ्ठलवाडी भागात नळाला गढूळ पाणी येते,mr,WATER,P2,vitthalwadi,W11
आमच्या भागात उद्यानाची देखभाल होत नाही,mr,TREE,P4,,
हिंगणे area मध्ये site वर safety net नाही,mix,BUILD,P2,hingne,W11
वारजे भागात पथदिवे बंद आहेत,mr,ELEC,P3,warje,W12
शिवणेमध्ये मोठ्या खड्ड्यामुळे दुचाकीचा अपघात झाला,mr,ROAD,P2,shivane,W12
"कौसरबागमध्ये फेरीवाल्यांनी फुटपाथ अडवला आहे, कोणीही दखल घेत नाही",mr,ENCROACH,P3,kausar_baug,W07
भवानी पेठ भागात नळाला गढूळ पाणी येते,mr,WATER,P2,bhavani_peth,W02
आमच्या भागात अनधिकृत होर्डिंग लावले आहे,mr,ENCROACH,P3,,
अनधिकृत टपऱ्या उभ्या आहेत. नागरिक त्रस्त आहेत,mr,ENCROACH,P3,,
कोथरुड भागात डुकरांचा वावर वाढला आहे,mr,VET,P3,kothrud,W08
"tanker पाठवा please, complaint करूनही response नाही",mix,WATER,P2,,
amchya area madhe avaidh nirman ho raha hai,rom,BUILD,P3,,
gadhul pani yeta nalala,rom,WATER,P2,,
हमारे इलाके में आवारा कुत्तों का आतंक है,hi,VET,P3,,
"बालाजी नगर में बिना अनुमति पेड़ काटा गया, कृपया जल्दी ध्यान दें",hi,TREE,P3,balaji_nagar,W13
वडगाव शेरी येथे नाल्याची सफाई झालेली नाही,mr,DRAIN,P3,wadgaon_sheri,W09
"kachra kundi bharleli ahe, lavkar action ghya",rom,SWM,P3,,
साडेसतरा नळी येथे गच्चीवर बेकायदा शेड बांधली,mr,BUILD,P4,sade_satra_nali,W05
"Deccan madhe jhadacha motha bhag tutun lombakalto, complaint karun pan kahi zala nahi",rom,TREE,P1,deccan,W10
balewadi la illegal hoarding lavla ahe,rom,ENCROACH,P3,balewadi,W01
"sahakar nagar मध्ये old building धोकादायक आहे, कधीही कोसळेल",mix,BUILD,P1,sahakarnagar,W13
amchya area madhe thele walon ka kabza hai,rom,ENCROACH,P3,,
पथदिवे बंद आहेत. कोणीही दखल घेत नाही,mr,ELEC,P3,,
illegal banner लावलेत,mix,ENCROACH,P3,,
आमच्या भागात साचलेल्या पाण्यात डासांच्या अळ्या आहेत,mr,HEALTH,P3,,
bavdhan मध्ये rain water साचतंय,mix,DRAIN,P2,bavdhan,W08
"टिंबर मार्केट में नाली जाम है, कोई सुनवाई नहीं हो रही",hi,DRAIN,P2,timber_market,W02
gokhale nagar la wire latkat ahe khambavar,rom,ELEC,P1,gokhalenagar,W10
बाणेर भागात नळाला पाणी आलेले नाही,mr,WATER,P2,baner,W01
फर्ग्युसन रोड परिसरात ड्रेनेज लाइन फुटली आहे,mr,DRAIN,P2,fc_road,W10
एसबी रोड में नई सड़क कुछ दिनों में उखड़ गई,hi,ROAD,P3,sb_road,W10
"magarpatta madhe kachra gaadi aali nahi, lok trast ahet",rom,SWM,P3,magarpatta,W05
sadak mein gadde bahut hain,rom,ROAD,P3,,
"marketyard मध्ये site वर safety net नाही, please लवकर action घ्या",mix,BUILD,P2,market_yard,W03
साळुंखे विहार इलाके में बिना अनुमति निर्माण हो रहा है,hi,BUILD,P3,salunke_vihar,W14
"Koregaon Park madhe ola suka kachra ekatra uchalta, complaint karun pan kahi zala nahi",rom,SWM,P4,koregaon_park,W04
"hoarding वाकलंय, पडू शकतं",mix,ENCROACH,P1,,
"एनआयबीएम रोड भागात गटार उघडे आहे, दुर्गंधी येते",mr,DRAIN,P3,nibm_road,W07
hadapsar मध्ये manhole cover गायब आहे,mix,DRAIN,P1,hadapsar,W05
पार्क के झूले टूटे हैं,hi,TREE,P4,,
"अवैध दुकानें लगी हैं, तुरंत कार्रवाई करें",hi,ENCROACH,P3,,
"गोखले नगर येथे गटार उघडे आहे, दुर्गंधी येते",mr,DRAIN,P3,gokhalenagar,W10
kausar baug area मध्ये chamber cover तुटलंय,mix,DRAIN,P1,kausar_baug,W07
रामटेकडी येथे खांबाला करंट येतो,mr,ELEC,P1,ramtekdi,W14
मेलेले जनावर रस्त्यावर पडले आहे,mr,VET,P2,,
"illegal majla bandhla, lok trast ahet",rom,BUILD,P3,,
dengue che rugn vadhle,rom,HEALTH,P1,,
"Magarpatta la kachra jalat ahet, dhur yeto",rom,SWM,P2,magarpatta,W05
ड्रेनेज लाइन फुटली आहे. कृपया लवकर लक्ष द्या,mr,DRAIN,P2,,
हमारे इलाके में कूड़ा नहीं उठाया गया,hi,SWM,P3,,
"speed breaker ला marking नाही, रोजचा problem झालाय",mix,ROAD,P4,,
रात में निर्माण का शोर होता है। कृपया जल्दी ध्यान दें,hi,BUILD,P4,,
साडेसतरा नळी भागात रस्ता खचला आहे आणि मोठा खड्डा तयार झाला,mr,ROAD,P2,sade_satra_nali,W05
कोरेगाव पार्क येथे मोठ्या खड्ड्यामुळे दुचाकीचा अपघात झाला,mr,ROAD,P2,koregaon_park,W04
"ganesh peth मध्ये garbage van वेळेवर येत नाही, please लवकर action घ्या",mix,SWM,P3,ganesh_peth,W02
बोपोडी येथे गतिरोधकावर पट्टे रंगवलेले नाहीत,mr,ROAD,P4,bopodi,W01
कळसमध्ये उद्यानाची देखभाल होत नाही,mr,TREE,P4,kalas,W15
हमारे इलाके में डेंगू के कई मरीज़ मिले हैं,hi,HEALTH,P1,,
"डेक्कनमध्ये टँकर पाठवा, पिण्यासाठी पाणी नाही",mr,WATER,P2,deccan,W10
हमारे इलाके में फॉगिंग नहीं हुई,hi,HEALTH,P3,,
Marketyard la khambala current yeto,rom,ELEC,P1,market_yard,W03
सहकार नगर में पानी का टैंकर भेजिए,hi,WATER,P2,sahakarnagar,W13
drainage block झालंय,mix,DRAIN,P2,,
अवैध दुकानें लगी हैं। तुरंत कार्रवाई करें,hi,ENCROACH,P3,,
amchya area madhe nali jam hai,rom,DRAIN,P2,,
रस्त्यावर बाजार भरतो. लवकर कारवाई करा,mr,ENCROACH,P3,,
sinhagad road area मध्ये tree illegal तोडलं,mix,TREE,P3,sinhagad_road,W11
अप्पर इंदिरानगर area मध्ये pipeline leak झाली आहे,mix,WATER,P3,upper_indiranagar,W03
पानी का टैंकर भेजिए। तुरंत कार्रवाई करें,hi,WATER,P2,,
एरंडवणेमध्ये ओला सुका कचरा वेगळा उचलला जात नाही,mr,SWM,P4,erandwane,W08
नाली जाम है। कोई सुनवाई नहीं हो रही,hi,DRAIN,P2,,
gokhale nagar madhe khaddyamule accident zala,rom,ROAD,P2,gokhalenagar,W10
कोंढवा येथे कचऱ्याचा ढीग साचला आहे,mr,SWM,P3,kondhwa,W07
कळसमध्ये घंटागाडी वेळेवर येत नाही,mr,SWM,P3,kalas,W15
सुस रोड area मध्ये wet dry waste वेगळा घेत नाहीत,mix,SWM,P4,sus_road,W01
Salunke Vihar madhe makadancha tras ahe,rom,VET,P3,salunke_vihar,W14
धूरफवारणी झालेली नाही,mr,HEALTH,P3,,
"marketyard मध्ये tanker पाठवा please, please लवकर action घ्या",mix,WATER,P2,market_yard,W03
पद्मावती येथे डासांचा खूप त्रास आहे,mr,HEALTH,P3,padmavati,W13
मॉडेल कॉलनी में आवारा कुत्तों का आतंक है,hi,VET,P3,model_colony,W10
manhole cha zakan nahi,rom,DRAIN,P1,,
"टँकर पाठवा, पिण्यासाठी पाणी नाही",mr,WATER,P2,,
आमच्या society जवळ street light flicker होतो,mix,ELEC,P4,,
कचराकुंडी भरून वाहत आहे. तक्रार करूनही काही झाले नाही,mr,SWM,P3,,
सहकारनगर येथे फेरीवाल्यांनी फुटपाथ अडवला आहे,mr,ENCROACH,P3,sahakarnagar,W13
"खांबाला करंट येतो, तक्रार करूनही काही झाले नाही",mr,ELEC,P1,,
bhawani peth madhe kachryacha dheeg padla ahe,rom,SWM,P3,bhavani_peth,W02
आमच्या society जवळ कचऱ्याचा मोठा dump झालाय,mix,SWM,P3,,
वानवडी येथे पथदिव्याचा खांब वाकला आहे,mr,ELEC,P2,wanowrie,W14
sinhagad road la navin nal connection milala nahi,rom,WATER,P4,sinhagad_road,W11
गोखले नगर परिसरात परवानगीशिवाय झाड तोडले,mr,TREE,P3,gokhalenagar,W10
हमारे इलाके में अवैध दुकानें लगी हैं,hi,ENCROACH,P3,,
"खराडी में मरा हुआ जानवर पड़ा है, कोई सुनवाई नहीं हो रही",hi,VET,P2,kharadi,W09
rabid dog फिरतोय,mix,VET,P1,,
Wadgaon Budruk madhe thele walon ka kabza hai,rom,ENCROACH,P3,vadgaon_budruk,W11
"ped gir gaya hai, lavkar action ghya",rom,TREE,P1,,
पाशान में कूड़ेदान भर गया है,hi,SWM,P3,pashan,W01
सॅलिसबरी पार्क इलाके में कूड़ेदान भर गया है,hi,SWM,P3,salisbury_park,W03
नाली जाम है,hi,DRAIN,P2,,
"garbage van वेळेवर येत नाही, please लवकर action घ्या",mix,SWM,P3,,
"mundhava मध्ये garbage जाळतात, धूर घरात येतो",mix,SWM,P2,mundhwa,W05
tree illegal तोडलं,mix,TREE,P3,,
"water supply बंद आहे, लवकर काहीतरी करा please",mix,WATER,P2,,
बांधकामाची धूळ घरात येते. कृपया लवकर लक्ष द्या,mr,BUILD,P3,,
गोखले नगरमध्ये राडारोडा रस्त्याकडेला टाकला आहे,mr,SWM,P3,gokhalenagar,W10
एफसी रोड भागात रस्त्यालगतचा जाहिरात फलक धोकादायकरीत्या झुकला आहे,mr,ENCROACH,P1,fc_road,W10
सहकार नगर परिसरात सार्वजनिक जागेवर कब्जा केला आहे,mr,ENCROACH,P3,sahakarnagar,W13
"पुणे स्टेशन इलाके में रात को अंधेरा रहता है, लाइट नहीं जलती",hi,ELEC,P3,pune_station,W04
"कोथरुडमध्ये कचरा जाळला जात आहे, धूर पसरतो",mr,SWM,P2,kothrud,W08
धनकवडी में सड़क पर सामान रखकर रास्ता रोका है,hi,ENCROACH,P3,dhankawadi,W13
नारायण पेठमध्ये वाळलेले झाड कधीही पडेल,mr,TREE,P1,narayan_peth,W06
कल्याणी नगर भागात पथदिवे बंद आहेत,mr,ELEC,P3,kalyani_nagar,W09
"टिंगरेनगर में डेंगू के कई मरीज़ मिले हैं, लोग परेशान हैं",hi,HEALTH,P1,tingre_nagar,W15
shivaji nagar la khaddyamule accident zala,rom,ROAD,P2,shivajinagar,W10
घंटागाडी वेळेवर येत नाही,mr,SWM,P3,,
"एफसी रोडमध्ये अनधिकृत टपऱ्या उभ्या आहेत, कोणीही दखल घेत नाही",mr,ENCROACH,P3,fc_road,W10
वडगाव बुद्रुक area मध्ये paver blocks निघाले आहेत,mix,ROAD,P3,vadgaon_budruk,W11
एफसी रोडमध्ये भटक्या कुत्र्यांचा त्रास वाढला आहे,mr,VET,P3,fc_road,W10
"रस्त्यावर अंधार असतो, दिवे लागत नाहीत. कोणीही दखल घेत नाही",mr,ELEC,P3,,
"टिंगरेनगरमध्ये पिण्याच्या पाण्यात अळ्या दिसतात, लोक आजारी आहेत",mr,WATER,P1,tingre_nagar,W15
बावधन में कचरे का ढेर लगा है,hi,SWM,P3,bavdhan,W08
पद्मावती येथे बेवारस वाहने पडून आहेत,mr,ENCROACH,P4,padmavati,W13
धानोरीमध्ये डुकरांचा वावर वाढला आहे,mr,VET,P3,dhanori,W15
gutter overflow hot ahe,rom,DRAIN,P2,,
गणेश पेठ भागात गतिरोधकावर पट्टे रंगवलेले नाहीत,mr,ROAD,P4,ganesh_peth,W02
येवलेवाडी area मध्ये tree trimming करा,mix,TREE,P4,yewalewadi,W07
आमच्या society जवळ permission शिवाय construction चालू आहे,mix,BUILD,P3,,
गुरुवार पेठ परिसरात गटार भरून वाहत आहे,mr,DRAIN,P2,guruwar_peth,W02
oundh madhe ratri andhar asto,rom,ELEC,P3,aundh,W01
टिंबर मार्केट भागात मलेरियाचे रुग्ण वाढत आहेत,mr,HEALTH,P2,timber_market,W02
पुरानी इमारत गिर सकती है। तुरंत कार्रवाई करें,hi,BUILD,P1,,
Vishrantwadi la ghantagadi vel var yet nahi,rom,SWM,P3,vishrantwadi,W15
"येरवडा में मरा हुआ जानवर पड़ा है, तुरंत कार्रवाई करें",hi,VET,P2,yerawada,W15
"कूड़ा जलाया जा रहा है, धुआं फैल रहा है",hi,SWM,P2,,
erandwane madhe jhadacha motha bhag tutun lombakalto,rom,TREE,P1,erandwane,W08
हमारे इलाके में मैनहोल का ढक्कन गायब है,hi,DRAIN,P1,,
"karve nagar मध्ये tanker पाठवा please, please लवकर action घ्या",mix,WATER,P2,karvenagar,W12
चंदन नगर येथे मोकाट गायी रस्त्यात बसतात,mr,VET,P3,chandan_nagar,W09
परवानगीशिवाय झाड तोडले,mr,TREE,P3,,
"wanowrie madhe kachra gaadi aali nahi, lok trast ahet",rom,SWM,P3,wanowrie,W14
गोखलेनगर इलाके में बिजली का तार लटक रहा है,hi,ELEC,P1,gokhalenagar,W10
amchya area madhe ped gir gaya hai,rom,TREE,P1,,
Kothrud madhe dengue che rugn vadhle,rom,HEALTH,P1,kothrud,W08
टिंबर मार्केट परिसरात रस्त्यावर खूप खड्डे पडले आहेत,mr,ROAD,P3,timber_market,W02
झाड रस्त्यावर पडले आहे,mr,TREE,P1,,
"कल्याणीनगर में अवैध दुकानें लगी हैं, तुरंत कार्रवाई करें",hi,ENCROACH,P3,kalyani_nagar,W09
"Banner madhe garden madhe khelni tutli, complaint karun pan kahi zala nahi",rom,TREE,P4,baner,W01
रस्त्यालगतचा जाहिरात फलक धोकादायकरीत्या झुकला आहे,mr,ENCROACH,P1,,
पेव्हर ब्लॉक निघाले आहेत. कोणीही दखल घेत नाही,mr,ROAD,P3,,
"pole ला current आहे, please लवकर action घ्या",mix,ELEC,P1,,
बुधवार पेठ भागात बांधकामाच्या ठिकाणी सुरक्षा जाळी नाही,mr,BUILD,P2,budhwar_peth,W06
येरवडा मध्ये rabid dog फिरतोय,mix,VET,P1,yerawada,W15
सहकारनगर इलाके में नल में गंदा पानी आ रहा है,hi,WATER,P2,sahakarnagar,W13
rats चा problem आहे,mix,HEALTH,P3,,
"निर्माण की धूल घर में आती है, कोई सुनवाई नहीं हो रही",hi,BUILD,P3,,
बालाजीनगरमध्ये दिवसाही पथदिवे चालू असतात,mr,ELEC,P4,balaji_nagar,W13
"रस्त्यावर अंधार असतो, दिवे लागत नाहीत. कृपया लवकर लक्ष द्या",mr,ELEC,P3,,
पौड रोड मध्ये drainage block झालंय,mix,DRAIN,P2,paud_road,W08
"बाणेरमध्ये फुटपाथ तुटलेला आहे, कृपया लवकर लक्ष द्या",mr,ROAD,P3,baner,W01
रात में निर्माण का शोर होता है। कोई सुनवाई नहीं हो रही,hi,BUILD,P4,,
"ghantagadi vel var yet nahi, please lavkar bagha",rom,SWM,P3,,
अनधिकृत टपऱ्या उभ्या आहेत. लवकर कारवाई करा,mr,ENCROACH,P3,,
शिवाजीनगर परिसरात नळाला पाणी आलेले नाही,mr,WATER,P2,shivajinagar,W10
हमारे इलाके में बगीचे की देखभाल नहीं होती,hi,TREE,P4,,
"Bavdhan madhe hatgadyamule traffic hota, lok trast ahet",rom,ENCROACH,P3,bavdhan,W08
"शिवणेमध्ये परवानगीशिवाय झाड तोडले, लवकर कारवाई करा",mr,TREE,P3,shivane,W12
गटर का पानी सड़क पर बह रहा है। कृपया जल्दी ध्यान दें,hi,DRAIN,P2,,
टिंगरे नगर इलाके में अवैध होर्डिंग लगा है,hi,ENCROACH,P3,tingre_nagar,W15
park ची maintenance नाही,mix,TREE,P4,,
magarpatta madhe ratri bandhkamacha aavaj,rom,BUILD,P4,magarpatta,W05
मॉडेल कॉलनी भागात पाणी येण्याची वेळ अनिश्चित असते,mr,WATER,P4,model_colony,W10
बिना अनुमति पेड़ काटा गया। कृपया जल्दी ध्यान दें,hi,TREE,P3,,
माकडांचा उपद्रव वाढला आहे. लवकर कारवाई करा,mr,VET,P3,,
"sadak mein gadde bahut hain, lavkar action ghya",rom,ROAD,P3,,
nal mein pani nahi aa raha,rom,WATER,P2,,
"road che kaam ardhavat sodla ahe, complaint karun pan kahi zala nahi",rom,ROAD,P3,,
शिवाजीनगर area मध्ये रात्री construction noise असतो,mix,BUILD,P4,shivajinagar,W10
हमारे इलाके में कुत्ते ने बच्चे को काट लिया,hi,VET,P1,,
पेड़ सड़क पर गिर गया है,hi,TREE,P1,,
कचरे का ढेर लगा है। लोग परेशान हैं,hi,SWM,P3,,
"yevlewadi madhe nalyachi saphai zali nahi, complaint karun pan kahi zala nahi",rom,DRAIN,P3,yewalewadi,W07
आमच्या भागात पाणी येण्याची वेळ अनिश्चित असते,mr,WATER,P4,,
नाले की सफाई नहीं हुई,hi,DRAIN,P3,,
"thele walon ka kabza hai, please lavkar bagha",rom,ENCROACH,P3,,
amchya area madhe public toilet ghan ahe,rom,HEALTH,P3,,
sahakar nagar मध्ये mosquito चा त्रास वाढलाय,mix,HEALTH,P3,sahakarnagar,W13
हमारे इलाके में पानी का टैंकर भेजिए,hi,WATER,P2,,
आमच्या भागात मोठ्या खड्ड्यामुळे दुचाकीचा अपघात झाला,mr,ROAD,P2,,
"Market Yard madhe fogging zali nahi, lavkar action ghya",rom,HEALTH,P3,market_yard,W03
"गणेश पेठमध्ये अनधिकृत टपऱ्या उभ्या आहेत, कृपया लवकर लक्ष द्या",mr,ENCROACH,P3,ganesh_peth,W02
"बुधवार पेठ मध्ये street light बंद आहे, please लवकर action घ्या",mix,ELEC,P3,budhwar_peth,W06
"संगमवाडी इलाके में रात को अंधेरा रहता है, लाइट नहीं जलती",hi,ELEC,P3,sangamwadi,W04
"makadancha tras ahe, lok trast ahet",rom,VET,P3,,
आमच्या भागात डेंग्यूचे अनेक रुग्ण आढळले,mr,HEALTH,P1,,
chandan nagar madhe junya gadya padun ahet,rom,ENCROACH,P4,chandan_nagar,W09
विठ्ठलवाडी में कूड़ेदान भर गया है,hi,SWM,P3,vitthalwadi,W11
"garbage van वेळेवर येत नाही, लवकर काहीतरी करा please",mix,SWM,P3,,
"Deccan madhe jhad parvangi shivay todla, complaint karun pan kahi zala nahi",rom,TREE,P3,deccan,W10
शिवाजी नगर येथे झाडाच्या फांद्या तारांना लागतात,mr,TREE,P2,shivajinagar,W10
कात्रज भागात विजेची तार खांबावरून लोंबकळत आहे,mr,ELEC,P1,katraj,W13
साळुंखे विहार भागात बाजारातील कचरा उचलला जात नाही,mr,SWM,P3,salunke_vihar,W14
sade satra nali area मध्ये road वर मोठे potholes आहेत,mix,ROAD,P3,sade_satra_nali,W05
"नारायण पेठ येथे पावसाचे पाणी साचते, निचरा होत नाही",mr,DRAIN,P2,narayan_peth,W06
कौसरबाग भागात बागेतील बाकडे तुटले आहेत,mr,TREE,P4,kausar_baug,W07
khaddyamule accident zala,rom,ROAD,P2,,
रस्त्याचे काम अर्धवट सोडले आहे,mr,ROAD,P3,,
रात्रभर कुत्री भुंकतात. नागरिक त्रस्त आहेत,mr,VET,P4,,
"garbage जाळतात, धूर घरात येतो, लवकर काहीतरी करा please",mix,SWM,P2,,
"मयूर कॉलनी में कूड़ा जलाया जा रहा है, धुआं फैल रहा है, कोई सुनवाई नहीं हो रही",hi,SWM,P2,mayur_colony,W08
गुरुवार पेठमध्ये सार्वजनिक शौचालय घाण आहे,mr,HEALTH,P3,guruwar_peth,W02
हमारे इलाके में पेड़ की डाल टूटकर लटक रही है,hi,TREE,P1,,
"आमच्या भागात टँकर पाठवा, पिण्यासाठी पाणी नाही",mr,WATER,P2,,
उद्यानातील खेळणी तुटली आहेत. कोणीही दखल घेत नाही,mr,TREE,P4,,
"कर्वे नगरमध्ये रात्री बांधकामाचा आवाज होतो, कोणीही दखल घेत नाही",mr,BUILD,P4,karvenagar,W12
"padmavati मध्ये रात्री पूर्ण dark असतं, रोजचा problem झालाय",mix,ELEC,P3,padmavati,W13
"लोक उघड्यावर कचरा टाकतात, नागरिक त्रस्त आहेत",mr,SWM,P3,,
"navin nal connection milala nahi, lok trast ahet",rom,WATER,P4,,
"आमच्या society जवळ hoarding वाकलंय, पडू शकतं",mix,ENCROACH,P1,,
डेक्कन भागात दुभाजक तुटून सळ्या बाहेर आल्या आहेत,mr,ROAD,P2,deccan,W10
बिबवेवाडी परिसरात नाल्यावर अनधिकृत बांधकाम केले,mr,BUILD,P3,bibwewadi,W03
बाणेर परिसरात गच्चीवर बेकायदा शेड बांधली,mr,BUILD,P4,baner,W01
बालाजी नगर येथे राडारोडा रस्त्याकडेला टाकला आहे,mr,SWM,P3,balaji_nagar,W13
pothole मुळे accident झाला,mix,ROAD,P2,,
"public toilet खूप dirty आहे, complaint करूनही response नाही",mix,HEALTH,P3,,
karve nagar area मध्ये tree illegal तोडलं,mix,TREE,P3,karvenagar,W12
कोरेगाव पार्क मध्ये park ची maintenance नाही,mix,TREE,P4,koregaon_park,W04
आवारा कुत्तों का आतंक है। लोग परेशान हैं,hi,VET,P3,,
yerawada मध्ये mosquito breeding होतंय साचलेल्या पाण्यात,mix,HEALTH,P3,yerawada,W15
sus road area मध्ये monkeys चा त्रास आहे,mix,VET,P3,sus_road,W01
सहकारनगर भागात खांबाला करंट येतो,mr,ELEC,P1,sahakarnagar,W13
शनिवार पेठ परिसरात पथदिव्याचा खांब वाकला आहे,mr,ELEC,P2,shaniwar_peth,W06
हमारे इलाके में गटर का पानी सड़क पर बह रहा है,hi,DRAIN,P2,,
Shaniwar Peth la pisalela kutra firtoy,rom,VET,P1,shaniwar_peth,W06
amchya area madhe nalyachi saphai zali nahi,rom,DRAIN,P3,,
"रात्री construction noise असतो, रोजचा problem झालाय",mix,BUILD,P4,,
"rain water साचतंय, लवकर काहीतरी करा please",mix,DRAIN,P2,,
आमच्या भागात मोकाट गायी रस्त्यात बसतात,mr,VET,P3,,
"पौड रोडमध्ये डेंग्यूचे अनेक रुग्ण आढळले, तक्रार करूनही काही झाले नाही",mr,HEALTH,P1,paud_road,W08
"street light बंद आहे, complaint करूनही response नाही",mix,ELEC,P3,,
warje malwadi la street light band hai,rom,ELEC,P3,warje_malwadi,W12
कचराकुंडी भरून वाहत आहे. नागरिक त्रस्त आहेत,mr,SWM,P3,,
चंदननगर येथे फेरीवाल्यांनी फुटपाथ अडवला आहे,mr,ENCROACH,P3,chandan_nagar,W09
illegal floor बांधतायत,mix,BUILD,P3,,
दिव्याचा बल्ब फुटला आहे,mr,ELEC,P3,,
नाल्याची सफाई झालेली नाही,mr,DRAIN,P3,,
विमाननगरमध्ये ड्रेनेज तुंबले आहे,mr,DRAIN,P2,viman_nagar,W09
संगमवाडी येथे झाड रस्त्यावर पडले आहे,mr,TREE,P1,sangamwadi,W04
वडगाव शेरी भागात डांबरीकरणानंतर लगेच रस्ता उखडला,mr,ROAD,P3,wadgaon_sheri,W09
मॅनहोलचे झाकण तुटले आहे. कोणीही दखल घेत नाही,mr,DRAIN,P1,,
एफसी रोड में अवैध होर्डिंग लगा है,hi,ENCROACH,P3,fc_road,W10
"विजेची तार खांबावरून लोंबकळत आहे, कोणीही दखल घेत नाही",mr,ELEC,P1,,
हमारे इलाके में सीवर का पानी घर में आ रहा है,hi,DRAIN,P1,,
वाळलेले झाड कधीही पडेल,mr,TREE,P1,,
"आमच्या भागात कचरा जाळला जात आहे, धूर पसरतो",mr,SWM,P2,,
हमारे इलाके में सड़क का काम अधूरा छोड़ दिया गया है,hi,ROAD,P3,,
आमच्या भागात नाल्यात कचरा अडकला आहे,mr,DRAIN,P3,,
amchya area madhe parvangi shivay bandhkam chalu ahe,rom,BUILD,P3,,
हमारे इलाके में सड़क पर आवारा गायें बैठी रहती हैं,hi,VET,P3,,
"रात्री पूर्ण dark असतं, complaint करूनही response नाही",mix,ELEC,P3,,
amchya area madhe illegal hoarding lavla ahe,rom,ENCROACH,P3,,
Fc Road madhe juni imarat kosalnyachya sthitit ahe,rom,BUILD,P1,fc_road,W10
वानवडी परिसरात व्हॉल्व्ह गळत आहे,mr,WATER,P3,wanowrie,W14
इमारतीची भिंत पडायला आली आहे,mr,BUILD,P1,,
इमारतीची भिंत पडायला आली आहे. नागरिक त्रस्त आहेत,mr,BUILD,P1,,
मच्छरों का बहुत आतंक है,hi,HEALTH,P3,,
paud road area मध्ये street light flicker होतो,mix,ELEC,P4,paud_road,W08
"jhad parvangi shivay todla, please lavkar bagha",rom,TREE,P3,,
tanker pathva pani nahi,rom,WATER,P2,,
wet dry waste वेगळा घेत नाहीत,mix,SWM,P4,,
अनधिकृत मजला बांधला जात आहे. कोणीही दखल घेत नाही,mr,BUILD,P3,,
"shivane madhe fogging zali nahi, complaint karun pan kahi zala nahi",rom,HEALTH,P3,shivane,W12
मरा हुआ जानवर पड़ा है,hi,VET,P2,,
सार्वजनिक जागेवर कब्जा केला आहे,mr,ENCROACH,P3,,
हमारे इलाके में गड्ढे की वजह से एक्सीडेंट हुआ,hi,ROAD,P2,,
बालाजीनगरमध्ये बागेत गवत वाढले आहे,mr,TREE,P3,balaji_nagar,W13
"water timing रोज बदलते, लवकर काहीतरी करा please",mix,WATER,P4,,
"एरंडवणेमध्ये उंदरांचा उपद्रव वाढला आहे, नागरिक त्रस्त आहेत",mr,HEALTH,P3,erandwane,W08
आमच्या society जवळ pipeline leak झाली आहे,mix,WATER,P3,,
"विश्रांतवाडी येथे जलवाहिनी फुटली आहे, पाणी वाया जात आहे",mr,WATER,P2,vishrantwadi,W15
नाल्यात कचरा अडकला आहे. तक्रार करूनही काही झाले नाही,mr,DRAIN,P3,,
बालेवाडी येथे पाणी येण्याची वेळ अनिश्चित असते,mr,WATER,P4,balewadi,W01
"मोठ्या खड्ड्यामुळे दुचाकीचा अपघात झाला, कोणीही दखल घेत नाही",mr,ROAD,P2,,
पथदिवे बंद आहेत,mr,ELEC,P3,,
"औंध येथे टँकर पाठवा, पिण्यासाठी पाणी नाही",mr,WATER,P2,aundh,W01
juni imarat kosalnyachya sthitit ahe,rom,BUILD,P1,,
टिंगरेनगर येथे बागेतील बाकडे तुटले आहेत,mr,TREE,P4,tingre_nagar,W15
सेनापती बापट रोड इलाके में बंदरों का उत्पात बढ़ गया है,hi,VET,P3,sb_road,W10
सुस रोड परिसरात नाल्यावर अनधिकृत बांधकाम केले,mr,BUILD,P3,sus_road,W01
"चंदननगर भागात जलवाहिनी फुटली आहे, पाणी वाया जात आहे",mr,WATER,P2,chandan_nagar,W09
"kothrud मध्ये hawkers नी footpath block केलाय, लवकर काहीतरी करा please",mix,ENCROACH,P3,kothrud,W08
आमच्या society जवळ manhole cover गायब आहे,mix,DRAIN,P1,,
पद्मावतीमध्ये उद्यानाची देखभाल होत नाही,mr,TREE,P4,padmavati,W13
झाडाची फांदी तुटून लोंबकळत आहे,mr,TREE,P1,,
कर्वे नगर येथे चेंबर रस्त्यापेक्षा उंच आहे,mr,DRAIN,P3,karvenagar,W12
संगमवाडी इलाके में पेड़ की डाल टूटकर लटक रही है,hi,TREE,P1,sangamwadi,W04
undir khup zale ahet,rom,HEALTH,P3,,
"शनिवार पेठमध्ये अनधिकृत मजला बांधला जात आहे, तक्रार करूनही काही झाले नाही",mr,BUILD,P3,shaniwar_peth,W06
"फातिमानगर मध्ये hawkers नी footpath block केलाय, रोजचा problem झालाय",mix,ENCROACH,P3,fatima_nagar,W14
jhad rastyavar padla ahe,rom,TREE,P1,,
"magarpatta मध्ये nala cleaning झाली नाही, please लवकर action घ्या",mix,DRAIN,P3,magarpatta,W05
टिंबर मार्केट परिसरात ओला सुका कचरा वेगळा उचलला जात नाही,mr,SWM,P4,timber_market,W02
बानेरमध्ये मोठ्या खड्ड्यामुळे दुचाकीचा अपघात झाला,mr,ROAD,P2,baner,W01
पाशान परिसरात परवानगीशिवाय बांधकाम सुरू आहे,mr,BUILD,P3,pashan,W01
"tanker pathva pani nahi, please lavkar bagha",rom,WATER,P2,,
टिंगरेनगर इलाके में नाले की सफाई नहीं हुई,hi,DRAIN,P3,tingre_nagar,W15
रात्री पूर्ण dark असतं,mix,ELEC,P3,,
दिवसाही पथदिवे चालू असतात,mr,ELEC,P4,,
"बालेवाडीमध्ये पथदिव्याचा खांब वाकला आहे, नागरिक त्रस्त आहेत",mr,ELEC,P2,balewadi,W01
"bibwewadi madhe drainage tumbla ahe, complaint karun pan kahi zala nahi",rom,DRAIN,P2,bibwewadi,W03
पथदिवा सतत बंद-चालू होतो. लवकर कारवाई करा,mr,ELEC,P4,,
wanwadi मध्ये debris रस्त्यावर टाकलाय,mix,SWM,P3,wanowrie,W14
"शिवणेमध्ये फेरीवाल्यांनी फुटपाथ अडवला आहे, तक्रार करूनही काही झाले नाही",mr,ENCROACH,P3,shivane,W12
ओला सुका कचरा वेगळा उचलला जात नाही. कृपया लवकर लक्ष द्या,mr,SWM,P4,,
कचराकुंडी भरून वाहत आहे,mr,SWM,P3,,
sade satra nali madhe pani kami pressure ne yeta,rom,WATER,P3,sade_satra_nali,W05
बिना अनुमति पेड़ काटा गया,hi,TREE,P3,,
सेनापती बापट रोड परिसरात इमारतीची भिंत पडायला आली आहे,mr,BUILD,P1,sb_road,W10
बावधनमध्ये जखमी जनावर रस्त्यावर पडले आहे,mr,VET,P2,bavdhan,W08
आमच्या society जवळ footpath वर encroachment आहे,mix,ENCROACH,P3,,
"गुरुवार पेठ परिसरात टँकर पाठवा, पिण्यासाठी पाणी नाही",mr,WATER,P2,guruwar_peth,W02
"rabid dog फिरतोय, complaint करूनही response नाही",mix,VET,P1,,
Kotharud la khambala current yeto,rom,ELEC,P1,kothrud,W08
कळस परिसरात दुकानदारांनी रस्त्यावर माल ठेवला आहे,mr,ENCROACH,P3,kalas,W15
sinhagad road मध्ये lights दिवसा चालू असतात,mix,ELEC,P4,sinhagad_road,W11
banner la undir khup zale ahet,rom,HEALTH,P3,baner,W01
सदाशिव पेठ परिसरात चेंबर रस्त्यापेक्षा उंच आहे,mr,DRAIN,P3,sadashiv_peth,W06
"आमच्या भागात जलवाहिनी फुटली आहे, पाणी वाया जात आहे",mr,WATER,P2,,
wadgaon budruk la anadhikrut tapri ahet,rom,ENCROACH,P3,vadgaon_budruk,W11
बालेवाडी परिसरात उघड्यावर अन्न विकले जाते,mr,HEALTH,P3,balewadi,W01
"road खोदून तसाच सोडलाय, लवकर काहीतरी करा please",mix,ROAD,P3,,
Shivaji Nagar la juni imarat kosalnyachya sthitit ahe,rom,BUILD,P1,shivajinagar,W10
एनआयबीएम रोड area मध्ये मोठी branch लटकतेय,mix,TREE,P1,nibm_road,W07
रस्ता खचला आहे आणि मोठा खड्डा तयार झाला,mr,ROAD,P2,,
शिवाजीनगरमध्ये ड्रेनेज लाइन फुटली आहे,mr,DRAIN,P2,shivajinagar,W10
साडेसतरा नळी परिसरात शौचालयात पाणी नाही,mr,HEALTH,P3,sade_satra_nali,W05
amchya area madhe dukandarane rastyavar saman thevla,rom,ENCROACH,P3,,
हिंगणे इलाके में निर्माण की धूल घर में आती है,hi,BUILD,P3,hingne,W11
sangamwadi area मध्ये abandoned vehicles पडून आहेत,mix,ENCROACH,P4,sangamwadi,W04
विमाननगर भागात बेवारस वाहने पडून आहेत,mr,ENCROACH,P4,viman_nagar,W09
"आमच्या society जवळ dog ने chavla, injection घ्यावं लागलं",mix,VET,P1,,
परवानगीशिवाय बांधकाम सुरू आहे,mr,BUILD,P3,,
घंटागाडी वेळेवर येत नाही. लवकर कारवाई करा,mr,SWM,P3,,
पाषाण भागात झाडाच्या फांद्या तारांना लागतात,mr,TREE,P2,pashan,W01
वारजे area मध्ये मोठी branch लटकतेय,mix,TREE,P1,warje,W12
"रस्त्यावर खूप खड्डे पडले आहेत, तक्रार करूनही काही झाले नाही",mr,ROAD,P3,,
"गोखले नगरमध्ये मोठ्या खड्ड्यामुळे दुचाकीचा अपघात झाला, नागरिक त्रस्त आहेत",mr,ROAD,P2,gokhalenagar,W10
"पिण्याच्या पाण्यात अळ्या दिसतात, लोक आजारी आहेत",mr,WATER,P1,,
आमच्या भागात झाड रस्त्यावर पडले आहे,mr,TREE,P1,,
"सुस रोड परिसरात रस्त्यावर अंधार असतो, दिवे लागत नाहीत",mr,ELEC,P3,sus_road,W01
पुणे स्टेशन परिसरात हातगाड्यांमुळे वाहतूक कोंडी होते,mr,ENCROACH,P3,pune_station,W04
"valve leak होतोय, लवकर काहीतरी करा please",mix,WATER,P3,,
"footpath पूर्ण तुटलाय, please लवकर action घ्या",mix,ROAD,P3,,
drainage tumbla ahe,rom,DRAIN,P2,,
हडपसर परिसरात कचरा गाडी आलेली नाही,mr,SWM,P3,hadapsar,W05
dead animal पडलंय,mix,VET,P2,,
घंटागाडी वेळेवर येत नाही. कृपया लवकर लक्ष द्या,mr,SWM,P3,,
"nal mein pani nahi aa raha, lavkar action ghya",rom,WATER,P2,,
फर्ग्युसन रोड भागात ड्रेनेज लाइन फुटली आहे,mr,DRAIN,P2,fc_road,W10
"गोखलेनगरमध्ये दुकानदारांनी पत्र्याचे छत रस्त्यापर्यंत वाढवले आहे, कृपया लवकर लक्ष द्या",mr,ENCROACH,P3,gokhalenagar,W10
"जलवाहिनी फुटली आहे, पाणी वाया जात आहे",mr,WATER,P2,,
"येरवडामध्ये मोठ्या खड्ड्यामुळे दुचाकीचा अपघात झाला, लवकर कारवाई करा",mr,ROAD,P2,yerawada,W15
पाशानमध्ये गतिरोधकावर पट्टे रंगवलेले नाहीत,mr,ROAD,P4,pashan,W01
amchya area madhe rasta khodun tasach sodla ahe,rom,ROAD,P3,,
कोरेगाव पार्क इलाके में पुरानी इमारत गिर सकती है,hi,BUILD,P1,koregaon_park,W04
kharadi la khambala current yeto,rom,ELEC,P1,kharadi,W09
"चंदननगर में नल में गंदा पानी आ रहा है, तुरंत कार्रवाई करें",hi,WATER,P2,chandan_nagar,W09
नल में पानी नहीं आ रहा,hi,WATER,P2,,
नई सड़क कुछ दिनों में उखड़ गई। कोई सुनवाई नहीं हो रही,hi,ROAD,P3,,
avaidh nirman ho raha hai,rom,BUILD,P3,,
"कल्याणीनगर में कचरे का ढेर लगा है, लोग परेशान हैं",hi,SWM,P3,kalyani_nagar,W09
नाली जाम है। लोग परेशान हैं,hi,DRAIN,P2,,
"फर्ग्युसन रोडमध्ये अनधिकृत मजला बांधला जात आहे, तक्रार करूनही काही झाले नाही",mr,BUILD,P3,fc_road,W10
baget gavat vadhla ahe,rom,TREE,P3,,
"mayur colony मध्ये speed breaker ला marking नाही, रोजचा problem झालाय",mix,ROAD,P4,mayur_colony,W08
पौड रोडमध्ये रात्रभर कुत्री भुंकतात,mr,VET,P4,paud_road,W08
बगीचे की देखभाल नहीं होती,hi,TREE,P4,,
"साळुंखे विहार में बिना अनुमति निर्माण हो रहा है, कृपया जल्दी ध्यान दें",hi,BUILD,P3,salunke_vihar,W14
"बिना अनुमति पेड़ काटा गया, लोग परेशान हैं",hi,TREE,P3,,
Bopodi la jhadanchi chhatni kara,rom,TREE,P4,bopodi,W01
मगरपट्टामध्ये गच्चीवर बेकायदा शेड बांधली,mr,BUILD,P4,magarpatta,W05
nibm area मध्ये tree रस्त्यावर पडलंय,mix,TREE,P1,nibm_road,W07
पद्मावती येथे पिसाळलेला कुत्रा फिरत आहे,mr,VET,P1,padmavati,W13
आमच्या भागात गटार भरून वाहत आहे,mr,DRAIN,P2,,
"Balewadi madhe machhar bahut hain, lok trast ahet",rom,HEALTH,P3,balewadi,W01
आमच्या society जवळ paver blocks निघाले आहेत,mix,ROAD,P3,,
एसबी रोड परिसरात दिवसाही पथदिवे चालू असतात,mr,ELEC,P4,sb_road,W10
आमच्या भागात कचराकुंडी तुटली आहे,mr,SWM,P4,,
एसबी रोड में पेड़ की डाल टूटकर लटक रही है,hi,TREE,P1,sb_road,W10
कचरे का ढेर लगा है,hi,SWM,P3,,
कुत्र्याने मुलाला चावा घेतला. कोणीही दखल घेत नाही,mr,VET,P1,,
garbage van वेळेवर येत नाही,mix,SWM,P3,,
संगमवाडी येथे कचऱ्याचा ढीग साचला आहे,mr,SWM,P3,sangamwadi,W04
मरा हुआ जानवर पड़ा है। लोग परेशान हैं,hi,VET,P2,,
मच्छरों का बहुत आतंक है। तुरंत कार्रवाई करें,hi,HEALTH,P3,,
आमच्या भागात पथदिवा सतत बंद-चालू होतो,mr,ELEC,P4,,
manik baug madhe street light band hai,rom,ELEC,P3,manikbaug,W11
"upper indiranagar madhe bhatki kutri khup ahet, lavkar action ghya",rom,VET,P3,upper_indiranagar,W03
दिन में भी लाइट जलती रहती है। लोग परेशान हैं,hi,ELEC,P4,,
नई सड़क कुछ दिनों में उखड़ गई,hi,ROAD,P3,,
माणिकबाग परिसरात कचऱ्याचा ढीग साचला आहे,mr,SWM,P3,manikbaug,W11
धायरी भागात बागेतील बाकडे तुटले आहेत,mr,TREE,P4,dhayari,W11
Pune Station la hatgadyamule traffic hota,rom,ENCROACH,P3,pune_station,W04
"Oundh madhe illegal hoarding lavla ahe, lavkar action ghya",rom,ENCROACH,P3,aundh,W01
illegal stalls उभे आहेत,mix,ENCROACH,P3,,
रात्री construction noise असतो,mix,BUILD,P4,,
अनधिकृत होर्डिंग लावले आहे,mr,ENCROACH,P3,,
"वारजे माळवाडी में फुटपाथ टूटा हुआ है, कोई सुनवाई नहीं हो रही",hi,ROAD,P3,warje_malwadi,W12
फर्ग्युसन रोड भागात बेवारस वाहने पडून आहेत,mr,ENCROACH,P4,fc_road,W10
amchya area madhe ola suka kachra ekatra uchalta,rom,SWM,P4,,
"dirty पाणी येतंय नळाला, complaint करूनही response नाही",mix,WATER,P2,,
Kalas madhe speed breaker la patte nahit,rom,ROAD,P4,kalas,W15
"आमच्या society जवळ garbage जाळतात, धूर घरात येतो",mix,SWM,P2,,
सॅलिसबरी पार्क मध्ये valve leak होतोय,mix,WATER,P3,salisbury_park,W03
"manhole cha zakan nahi, lok trast ahet",rom,DRAIN,P1,,
वडगाव बुद्रुक भागात फक्त थोडा वेळ पाणी येते,mr,WATER,P3,vadgaon_budruk,W11
सेनापती बापट रोड भागात मोठ्या खड्ड्यामुळे दुचाकीचा अपघात झाला,mr,ROAD,P2,sb_road,W10
बालाजी नगर भागात नाल्यावर अनधिकृत बांधकाम केले,mr,BUILD,P3,balaji_nagar,W13
येरवडा भागात अनधिकृत टपऱ्या उभ्या आहेत,mr,ENCROACH,P3,yerawada,W15
ratri andhar asto,rom,ELEC,P3,,
"Kalyani Nagar madhe gai rastyat bastat, lavkar action ghya",rom,VET,P3,kalyani_nagar,W09
"सिंहगड रोड में फॉगिंग नहीं हुई, कृपया जल्दी ध्यान दें",hi,HEALTH,P3,sinhagad_road,W11
रामटेकडी येथे मॅनहोलचे झाकण तुटले आहे,mr,DRAIN,P1,ramtekdi,W14
आमच्या भागात सार्वजनिक जागेवर कब्जा केला आहे,mr,ENCROACH,P3,,
"विश्रांतवाडी परिसरात टँकर पाठवा, पिण्यासाठी पाणी नाही",mr,WATER,P2,vishrantwadi,W15
नारायण पेठ इलाके में अवैध मंज़िल बनाई जा रही है,hi,BUILD,P3,narayan_peth,W06
विमाननगर परिसरात नाल्यावर अनधिकृत बांधकाम केले,mr,BUILD,P3,viman_nagar,W09
डासांचा खूप त्रास आहे,mr,HEALTH,P3,,
"bavdhan मध्ये dead animal पडलंय, please लवकर action घ्या",mix,VET,P2,bavdhan,W08
ताडीवाला रोड येथे उद्यानातील खेळणी तुटली आहेत,mr,TREE,P4,tadiwala_road,W04
amchya area madhe ratri bandhkamacha aavaj,rom,BUILD,P4,,
"कर्वेनगर भागात पिण्याच्या पाण्यात अळ्या दिसतात, लोक आजारी आहेत",mr,WATER,P1,karvenagar,W12
नारायण पेठ येथे व्हॉल्व्ह गळत आहे,mr,WATER,P3,narayan_peth,W06
बागेत गवत वाढले आहे,mr,TREE,P3,,
कचराकुंडी तुटली आहे,mr,SWM,P4,,
wanwadi la sadak mein gadde bahut hain,rom,ROAD,P3,wanowrie,W14
"आमच्या society जवळ झाड वाकलंय, पडेल असं वाटतं",mix,TREE,P1,,
"मार्केट यार्डमध्ये भटक्या कुत्र्यांचा त्रास वाढला आहे, तक्रार करूनही काही झाले नाही",mr,VET,P3,market_yard,W03
बालाजी नगर परिसरात इमारतीची भिंत पडायला आली आहे,mr,BUILD,P1,balaji_nagar,W13
"एनआयबीएम रोड परिसरात कचरा जाळला जात आहे, धूर पसरतो",mr,SWM,P2,nibm_road,W07
erandwana मध्ये light pole वाकलाय,mix,ELEC,P2,erandwane,W08
आमच्या society जवळ rabid dog फिरतोय,mix,VET,P1,,
"kotharud मध्ये road चे काम अर्धवट सोडलंय, रोजचा problem झालाय",mix,ROAD,P3,kothrud,W08
अप्पर इंदिरानगर भागात गल्लीत एकही दिवा चालू नाही,mr,ELEC,P3,upper_indiranagar,W03
वारजे माळवाडी इलाके में पाइपलाइन फट गई है,hi,WATER,P2,warje_malwadi,W12
अनधिकृत मजला बांधला जात आहे. नागरिक त्रस्त आहेत,mr,BUILD,P3,,
सूस रोड परिसरात पथदिव्याचा खांब वाकला आहे,mr,ELEC,P2,sus_road,W01
nibm area मध्ये garden मध्ये swings तुटलेत,mix,TREE,P4,nibm_road,W07
illegal majla bandhla,rom,BUILD,P3,,
हातगाड्यांमुळे वाहतूक कोंडी होते. नागरिक त्रस्त आहेत,mr,ENCROACH,P3,,
फातिमा नगर area मध्ये street light flicker होतो,mix,ELEC,P4,fatima_nagar,W14
"erandwane madhe dengue che rugn vadhle, lavkar action ghya",rom,HEALTH,P1,erandwane,W08
rain water साचतंय,mix,DRAIN,P2,,
येरवडामध्ये हातगाड्यांमुळे वाहतूक कोंडी होते,mr,ENCROACH,P3,yerawada,W15
सार्वजनिक शौचालय गंदा है। कोई सुनवाई नहीं हो रही,hi,HEALTH,P3,,
फर्ग्युसन रोड येथे बांधकामाची धूळ घरात येते,mr,BUILD,P3,fc_road,W10
आमच्या भागात दुकानदारांनी पत्र्याचे छत रस्त्यापर्यंत वाढवले आहे,mr,ENCROACH,P3,,
धायरी येथे गटार भरून वाहत आहे,mr,DRAIN,P2,dhayari,W11
"मॉडेल कॉलनीमध्ये ड्रेनेज तुंबले आहे, कोणीही दखल घेत नाही",mr,DRAIN,P2,model_colony,W10
कचरा गाडी आलेली नाही. नागरिक त्रस्त आहेत,mr,SWM,P3,,
एरंडवणे येथे रस्त्याचे काम अर्धवट सोडले आहे,mr,ROAD,P3,erandwane,W08
बांधकामाच्या ठिकाणी सुरक्षा जाळी नाही,mr,BUILD,P2,,
राडारोडा रस्त्याकडेला टाकला आहे. तक्रार करूनही काही झाले नाही,mr,SWM,P3,,
कल्याणी नगर भागात अनधिकृत होर्डिंग लावले आहे,mr,ENCROACH,P3,kalyani_nagar,W09
mosquito breeding होतंय साचलेल्या पाण्यात,mix,HEALTH,P3,,
"budhwar peth madhe street light band hai, complaint karun pan kahi zala nahi",rom,ELEC,P3,budhwar_peth,W06
स्ट्रीट लाइट बंद है,hi,ELEC,P3,,
"संगमवाडी में रात में निर्माण का शोर होता है, तुरंत कार्रवाई करें",hi,BUILD,P4,sangamwadi,W04
उंदरांचा उपद्रव वाढला आहे,mr,HEALTH,P3,,
फुटपाथ तुटलेला आहे. नागरिक त्रस्त आहेत,mr,ROAD,P3,,
"बालाजी नगर में कूड़ा जलाया जा रहा है, धुआं फैल रहा है",hi,SWM,P2,balaji_nagar,W13
dustbin overflow होतोय,mix,SWM,P3,,
upper indiranagar area मध्ये मोठी branch लटकतेय,mix,TREE,P1,upper_indiranagar,W03
एफसी रोड येथे परवानगीशिवाय बांधकाम सुरू आहे,mr,BUILD,P3,fc_road,W10
माणिकबागमध्ये डासांचा खूप त्रास आहे,mr,HEALTH,P3,manikbaug,W11
कल्याणीनगर येथे साचलेल्या पाण्यात डासांच्या अळ्या आहेत,mr,HEALTH,P3,kalyani_nagar,W09
नारायण पेठ येथे इमारतीची भिंत पडायला आली आहे,mr,BUILD,P1,narayan_peth,W06
कल्याणीनगर परिसरात रस्ता खोदून परत बुजवला नाही,mr,ROAD,P3,kalyani_nagar,W09
पद्मावती मध्ये road खोदून तसाच सोडलाय,mix,ROAD,P3,padmavati,W13
पद्मावतीमध्ये बांधकामाची धूळ घरात येते,mr,BUILD,P3,padmavati,W13
बालाजी नगर परिसरात मोठ्या खड्ड्यामुळे दुचाकीचा अपघात झाला,mr,ROAD,P2,balaji_nagar,W13
नई सड़क कुछ दिनों में उखड़ गई। कृपया जल्दी ध्यान दें,hi,ROAD,P3,,
"lights दिवसा चालू असतात, please लवकर action घ्या",mix,ELEC,P4,,
budhwar peth madhe parvangi shivay bandhkam chalu ahe,rom,BUILD,P3,budhwar_peth,W06
मुंढवा परिसरात गतिरोधकावर पट्टे रंगवलेले नाहीत,mr,ROAD,P4,mundhwa,W05
एरंडवणा परिसरात रस्त्यालगतचा जाहिरात फलक धोकादायकरीत्या झुकला आहे,mr,ENCROACH,P1,erandwane,W08
"कळसमध्ये गटार उघडे आहे, दुर्गंधी येते",mr,DRAIN,P3,kalas,W15
आमच्या भागात मलेरियाचे रुग्ण वाढत आहेत,mr,HEALTH,P2,,
खांबाला करंट येतो,mr,ELEC,P1,,
Budhwar Peth madhe jhad rastyavar padla ahe,rom,TREE,P1,budhwar_peth,W06
शनिवार पेठ येथे उद्यानातील खेळणी तुटली आहेत,mr,TREE,P4,shaniwar_peth,W06
आमच्या society जवळ site वर safety net नाही,mix,BUILD,P2,,
पानी का प्रेशर बहुत कम है। तुरंत कार्रवाई करें,hi,WATER,P3,,
बावधन इलाके में सीवर का पानी घर में आ रहा है,hi,DRAIN,P1,bavdhan,W08
एरंडवणा इलाके में अवैध होर्डिंग लगा है,hi,ENCROACH,P3,erandwane,W08
अवैध मंज़िल बनाई जा रही है। कोई सुनवाई नहीं हो रही,hi,BUILD,P3,,
नाल्यावर अनधिकृत बांधकाम केले. कृपया लवकर लक्ष द्या,mr,BUILD,P3,,
bavdhan la jhad rastyavar padla ahe,rom,TREE,P1,bavdhan,W08
"karve nagar madhe jhad parvangi shivay todla, lok trast ahet",rom,TREE,P3,karvenagar,W12
"विश्रांतवाडीमध्ये बांधकामाच्या ठिकाणी सुरक्षा जाळी नाही, कोणीही दखल घेत नाही",mr,BUILD,P2,vishrantwadi,W15
आमच्या भागात मॅनहोलचे झाकण तुटले आहे,mr,DRAIN,P1,,
nana peth madhe jhadacha motha bhag tutun lombakalto,rom,TREE,P1,nana_peth,W02
"गल्लीत एकही दिवा चालू नाही, नागरिक त्रस्त आहेत",mr,ELEC,P3,,
गुरुवार पेठ इलाके में गटर का पानी सड़क पर बह रहा है,hi,DRAIN,P2,guruwar_peth,W02
"धानोरी भागात जलवाहिनी फुटली आहे, पाणी वाया जात आहे",mr,WATER,P2,dhanori,W15
"speed breaker ला marking नाही, please लवकर action घ्या",mix,ROAD,P4,,
आमच्या society जवळ garbage van वेळेवर येत नाही,mix,SWM,P3,,
बुधवार पेठ परिसरात मोठ्या खड्ड्यामुळे दुचाकीचा अपघात झाला,mr,ROAD,P2,budhwar_peth,W06
दिन में भी लाइट जलती रहती है। कृपया जल्दी ध्यान दें,hi,ELEC,P4,,
rasta khodun tasach sodla ahe,rom,ROAD,P3,,
आमच्या भागात कुत्र्यांची नसबंदी करावी,mr,VET,P4,,
हिंगणेमध्ये परवानगीशिवाय झाड तोडले,mr,TREE,P3,hingne,W11
"dead animal पडलंय, complaint करूनही response नाही",mix,VET,P2,,
ड्रेनेज तुंबले आहे. लवकर कारवाई करा,mr,DRAIN,P2,,
टिंगरेनगर परिसरात हातगाड्यांमुळे वाहतूक कोंडी होते,mr,ENCROACH,P3,tingre_nagar,W15
"सहकारनगर परिसरात टँकर पाठवा, पिण्यासाठी पाणी नाही",mr,WATER,P2,sahakarnagar,W13
संगमवाडी इलाके में बिना अनुमति पेड़ काटा गया,hi,TREE,P3,sangamwadi,W04
dhankavadi la dasancha khup tras ahe,rom,HEALTH,P3,dhankawadi,W13
"fogging zali nahi, lavkar action ghya",rom,HEALTH,P3,,
पौड रोड परिसरात ड्रेनेज तुंबले आहे,mr,DRAIN,P2,paud_road,W08
"garbage उचलला नाही, please लवकर action घ्या",mix,SWM,P3,,
"bibwewadi मध्ये speed breaker ला marking नाही, complaint करूनही response नाही",mix,ROAD,P4,bibwewadi,W03
pashan area मध्ये light pole वाकलाय,mix,ELEC,P2,pashan,W01
"वारजे माळवाडीमध्ये उद्यानाची देखभाल होत नाही, तक्रार करूनही काही झाले नाही",mr,TREE,P4,warje_malwadi,W12
नल में पानी नहीं आ रहा। कृपया जल्दी ध्यान दें,hi,WATER,P2,,
ओला सुका कचरा वेगळा उचलला जात नाही. तक्रार करूनही काही झाले नाही,mr,SWM,P4,,
मयूर कॉलनी इलाके में कुत्ते ने बच्चे को काट लिया,hi,VET,P1,mayur_colony,W08
एफसी रोड येथे भटक्या कुत्र्यांचा त्रास वाढला आहे,mr,VET,P3,fc_road,W10
येवलेवाडीमध्ये बाजारातील कचरा उचलला जात नाही,mr,SWM,P3,yewalewadi,W07
kotharud la bandhkamachi dhul gharat yete,rom,BUILD,P3,kothrud,W08
kalas area मध्ये road खोदून तसाच सोडलाय,mix,ROAD,P3,kalas,W15
"terrace वर illegal shed बांधलंय, लवकर काहीतरी करा please",mix,BUILD,P4,,
"jhad parvangi shivay todla, lavkar action ghya",rom,TREE,P3,,
kalas area मध्ये footpath वर encroachment आहे,mix,ENCROACH,P3,kalas,W15
वानवडीमध्ये पथदिवे बंद आहेत,mr,ELEC,P3,wanowrie,W14
विमाननगरमध्ये बाजारातील कचरा उचलला जात नाही,mr,SWM,P3,viman_nagar,W09
"पाषाण में कूड़ा जलाया जा रहा है, धुआं फैल रहा है",hi,SWM,P2,pashan,W01
"vishrantwadi madhe kachra gaadi aali nahi, lavkar action ghya",rom,SWM,P3,vishrantwadi,W15
dengue चे cases वाढलेत,mix,HEALTH,P1,,
amchya area madhe fogging zali nahi,rom,HEALTH,P3,,
"वारजेमध्ये रस्त्यावर खूप खड्डे पडले आहेत, तक्रार करूनही काही झाले नाही",mr,ROAD,P3,warje,W12
"कचऱ्याचा मोठा dump झालाय, लवकर काहीतरी करा please",mix,SWM,P3,,
"Yerwada madhe illegal hoarding lavla ahe, complaint karun pan kahi zala nahi",rom,ENCROACH,P3,yerawada,W15
मॅनहोलचे झाकण तुटले आहे,mr,DRAIN,P1,,
गोखले नगर परिसरात वाळलेले झाड कधीही पडेल,mr,TREE,P1,gokhalenagar,W10
"पौड रोडमध्ये रस्त्यावर अंधार असतो, दिवे लागत नाहीत, तक्रार करूनही काही झाले नाही",mr,ELEC,P3,paud_road,W08
"वडगाव बुद्रुक में सड़क पर आवारा गायें बैठी रहती हैं, लोग परेशान हैं",hi,VET,P3,vadgaon_budruk,W11
"पुणे स्टेशनमध्ये गतिरोधकावर पट्टे रंगवलेले नाहीत, कोणीही दखल घेत नाही",mr,ROAD,P4,pune_station,W04
amchya area madhe baget gavat vadhla ahe,rom,TREE,P3,,
Ramtekdi madhe gutter overflow hot ahe,rom,DRAIN,P2,ramtekdi,W14
साडेसतरा नळीमध्ये रस्त्यालगतचा जाहिरात फलक धोकादायकरीत्या झुकला आहे,mr,ENCROACH,P1,sade_satra_nali,W05
आमच्या भागात मेलेले जनावर रस्त्यावर पडले आहे,mr,VET,P2,,
"सुस रोड में बंदरों का उत्पात बढ़ गया है, कोई सुनवाई नहीं हो रही",hi,VET,P3,sus_road,W01
"monkeys चा त्रास आहे, रोजचा problem झालाय",mix,VET,P3,,
रस्ता खचला आहे आणि मोठा खड्डा तयार झाला. नागरिक त्रस्त आहेत,mr,ROAD,P2,,
मुंडवामध्ये रस्त्यावर खूप खड्डे पडले आहेत,mr,ROAD,P3,mundhwa,W05
आमच्या भागात दुकानदारांनी रस्त्यावर माल ठेवला आहे,mr,ENCROACH,P3,,
आमच्या भागात कुत्र्याने मुलाला चावा घेतला,mr,VET,P1,,
आमच्या भागात उंदरांचा उपद्रव वाढला आहे,mr,HEALTH,P3,,
"पैदल रास्ते पर रेहड़ी वालों ने जगह घेर ली है, तुरंत कार्रवाई करें",hi,ENCROACH,P3,,
nali jam hai,rom,DRAIN,P2,,
हडपसर में नाली जाम है,hi,DRAIN,P2,hadapsar,W05
धनकवडीमध्ये रात्री बांधकामाचा आवाज होतो,mr,BUILD,P4,dhankawadi,W13
"पुणे स्टेशन में कूड़ा नहीं उठाया गया, लोग परेशान हैं",hi,SWM,P3,pune_station,W04
bhint padayla ali ahe,rom,BUILD,P1,,
"pashan मध्ये rain water साचतंय, complaint करूनही response नाही",mix,DRAIN,P2,pashan,W01
सुस रोड परिसरात उंदरांचा उपद्रव वाढला आहे,mr,HEALTH,P3,sus_road,W01
येरवडा भागात रात्रभर कुत्री भुंकतात,mr,VET,P4,yerawada,W15
"nali jam hai, please lavkar bagha",rom,DRAIN,P2,,
हमारे इलाके में कचरे का ढेर लगा है,hi,SWM,P3,,
मार्केट यार्डमध्ये कचराकुंडी तुटली आहे,mr,SWM,P4,market_yard,W03
पुणे स्टेशन इलाके में पुरानी इमारत गिर सकती है,hi,BUILD,P1,pune_station,W04
बाजारातील कचरा उचलला जात नाही. तक्रार करूनही काही झाले नाही,mr,SWM,P3,,
कोंढवा परिसरात पाणी कमी दाबाने येते,mr,WATER,P3,kondhwa,W07
शनिवार पेठ भागात नकाशा मंजूर न करता इमारत बांधली,mr,BUILD,P3,shaniwar_peth,W06
सुस रोड येथे परवानगीशिवाय झाड तोडले,mr,TREE,P3,sus_road,W01
yerwada मध्ये stray dogs चा त्रास आहे,mix,VET,P3,yerawada,W15
हमारे इलाके में मरा हुआ जानवर पड़ा है,hi,VET,P2,,
आमच्या society जवळ illegal banner लावलेत,mix,ENCROACH,P3,,
पौड रोड येथे कचरा गाडी आलेली नाही,mr,SWM,P3,paud_road,W08
"khaddyamule accident zala, please lavkar bagha",rom,ROAD,P2,,
बुधवार पेठ येथे झाड रस्त्यावर पडले आहे,mr,TREE,P1,budhwar_peth,W06
मलेरियाचे रुग्ण वाढत आहेत,mr,HEALTH,P2,,
विश्रांतवाडीमध्ये व्हॉल्व्ह गळत आहे,mr,WATER,P3,vishrantwadi,W15
सिंहगड रोड इलाके में अवैध होर्डिंग लगा है,hi,ENCROACH,P3,sinhagad_road,W11
सूस रोड येथे रात्रभर कुत्री भुंकतात,mr,VET,P4,sus_road,W01
stray dogs चा त्रास आहे,mix,VET,P3,,
amchya area madhe sandpani gharat yetay,rom,DRAIN,P1,,
पौड रोड परिसरात शौचालयात पाणी नाही,mr,HEALTH,P3,paud_road,W08
दुभाजक तुटून सळ्या बाहेर आल्या आहेत. लवकर कारवाई करा,mr,ROAD,P2,,
"wet dry waste वेगळा घेत नाहीत, लवकर काहीतरी करा please",mix,SWM,P4,,
"undir khup zale ahet, lavkar action ghya",rom,HEALTH,P3,,
हातगाड्यांमुळे वाहतूक कोंडी होते. लवकर कारवाई करा,mr,ENCROACH,P3,,
विमान नगर येथे पाणी येण्याची वेळ अनिश्चित असते,mr,WATER,P4,viman_nagar,W09
आमच्या society जवळ speed breaker ला marking नाही,mix,ROAD,P4,,
kondhava madhe ola suka kachra ekatra uchalta,rom,SWM,P4,kondhwa,W07
"अवैध दुकानें लगी हैं, लोग परेशान हैं",hi,ENCROACH,P3,,
rastyavar khup khadde ahet,rom,ROAD,P3,,
आमच्या society जवळ park ची maintenance नाही,mix,TREE,P4,,
व्हॉल्व्ह गळत आहे,mr,WATER,P3,,
पार्क के झूले टूटे हैं। कृपया जल्दी ध्यान दें,hi,TREE,P4,,
fatima nagar मध्ये hawkers नी footpath block केलाय,mix,ENCROACH,P3,fatima_nagar,W14
"कर्वे नगरमध्ये परवानगीशिवाय झाड तोडले, लवकर कारवाई करा",mr,TREE,P3,karvenagar,W12
"बालाजीनगरमध्ये ड्रेनेज तुंबले आहे, तक्रार करूनही काही झाले नाही",mr,DRAIN,P2,balaji_nagar,W13
बागेतील बाकडे तुटले आहेत,mr,TREE,P4,,
मुंढवा येथे डेंग्यूचे अनेक रुग्ण आढळले,mr,HEALTH,P1,mundhwa,W05
बालाजी नगरमध्ये अनधिकृत मजला बांधला जात आहे,mr,BUILD,P3,balaji_nagar,W13
vadgaon sheri la nalyachi saphai zali nahi,rom,DRAIN,P3,wadgaon_sheri,W09
"fergusson road madhe footpath var feriwale basun jaga ghetat, please lavkar bagha",rom,ENCROACH,P3,fc_road,W10
टिंगरे नगर परिसरात कुत्र्यांची नसबंदी करावी,mr,VET,P4,tingre_nagar,W15
Bibwewadi madhe machhar bahut hain,rom,HEALTH,P3,bibwewadi,W03
"kotharud madhe pipeline futli ahe, lok trast ahet",rom,WATER,P2,kothrud,W08
हमारे इलाके में अवैध होर्डिंग लगा है,hi,ENCROACH,P3,,
संगमवाडीमध्ये रस्ता खोदून परत बुजवला नाही,mr,ROAD,P3,sangamwadi,W04
आमच्या भागात माकडांचा उपद्रव वाढला आहे,mr,VET,P3,,
आमच्या भागात झाडाच्या फांद्या तारांना लागतात,mr,TREE,P2,,
हमारे इलाके में बिना अनुमति निर्माण हो रहा है,hi,BUILD,P3,,
nalala pani aala nahi,rom,WATER,P2,,
पद्मावती में पानी का प्रेशर बहुत कम है,hi,WATER,P3,padmavati,W13
public toilet खूप dirty आहे,mix,HEALTH,P3,,
"Balewadi madhe dengue che rugn vadhle, lavkar action ghya",rom,HEALTH,P1,balewadi,W01
"hoarding वाकलंय, पडू शकतं, रोजचा problem झालाय",mix,ENCROACH,P1,,
"water supply बंद आहे, रोजचा problem झालाय",mix,WATER,P2,,
magarpatta madhe fogging zali nahi,rom,HEALTH,P3,magarpatta,W05
"aundh madhe machhar bahut hain, lavkar action ghya",rom,HEALTH,P3,aundh,W01
कळसमध्ये बाजारातील कचरा उचलला जात नाही,mr,SWM,P3,kalas,W15
"dead animal पडलंय, लवकर काहीतरी करा please",mix,VET,P2,,
बिना अनुमति पेड़ काटा गया। लोग परेशान हैं,hi,TREE,P3,,
कोरेगाव पार्क में नल में पानी नहीं आ रहा,hi,WATER,P2,koregaon_park,W04
कोरेगाव पार्कमध्ये झाडांची छाटणी करावी,mr,TREE,P4,koregaon_park,W04
"street light flicker होतो, complaint करूनही response नाही",mix,ELEC,P4,,
भवानी पेठ मध्ये mosquito breeding होतंय साचलेल्या पाण्यात,mix,HEALTH,P3,bhavani_peth,W02
Erandwane madhe makadancha tras ahe,rom,VET,P3,erandwane,W08
"vadgaon budruk madhe hatgadyamule traffic hota, complaint karun pan kahi zala nahi",rom,ENCROACH,P3,vadgaon_budruk,W11
खराडी येथे राडारोडा रस्त्याकडेला टाकला आहे,mr,SWM,P3,kharadi,W09
संगमवाडी में गटर का पानी सड़क पर बह रहा है,hi,DRAIN,P2,sangamwadi,W04
निर्माण की धूल घर में आती है। तुरंत कार्रवाई करें,hi,BUILD,P3,,
येरवडा इलाके में पेड़ सड़क पर गिर गया है,hi,TREE,P1,yerawada,W15
गच्चीवर बेकायदा शेड बांधली. कोणीही दखल घेत नाही,mr,BUILD,P4,,
"जुनी इमारत धोकादायक झाली आहे, भाग कोसळत आहे",mr,BUILD,P1,,
"illegal floor बांधतायत, लवकर काहीतरी करा please",mix,BUILD,P3,,
"सदाशिव पेठमध्ये बांधकामाची धूळ घरात येते, कोणीही दखल घेत नाही",mr,BUILD,P3,sadashiv_peth,W06
"निर्माण की धूल घर में आती है, तुरंत कार्रवाई करें",hi,BUILD,P3,,
गुलटेकडी मध्ये hawkers नी footpath block केलाय,mix,ENCROACH,P3,gultekdi,W03
वारजे परिसरात अनधिकृत टपऱ्या उभ्या आहेत,mr,ENCROACH,P3,warje,W12
"koregaon park madhe bandhkamachi dhul gharat yete, complaint karun pan kahi zala nahi",rom,BUILD,P3,koregaon_park,W04
"धनकवडी में सड़क पर बड़े गड्ढे हैं, लोग परेशान हैं",hi,ROAD,P3,dhankawadi,W13
कर्वेनगर में स्ट्रीट लाइट बंद है,hi,ELEC,P3,karvenagar,W12
baner मध्ये nala cleaning झाली नाही,mix,DRAIN,P3,baner,W01
रस्त्यावर बाजार भरतो. तक्रार करूनही काही झाले नाही,mr,ENCROACH,P3,,
नकाशा मंजूर न करता इमारत बांधली,mr,BUILD,P3,,
"कल्याणी नगर में गटर का पानी सड़क पर बह रहा है, तुरंत कार्रवाई करें",hi,DRAIN,P2,kalyani_nagar,W09
पेड़ सड़क पर गिर गया है। कोई सुनवाई नहीं हो रही,hi,TREE,P1,,
oundh la navin nal connection milala nahi,rom,WATER,P4,aundh,W01
आमच्या भागात बागेतील बाकडे तुटले आहेत,mr,TREE,P4,,
"bhatki kutri khup ahet, lok trast ahet",rom,VET,P3,,
बाणेर येथे नळाला पाणी आलेले नाही,mr,WATER,P2,baner,W01
फेरीवाल्यांनी फुटपाथ अडवला आहे,mr,ENCROACH,P3,,
बालाजीनगर भागात डासांचा खूप त्रास आहे,mr,HEALTH,P3,balaji_nagar,W13
nala cleaning झाली नाही,mix,DRAIN,P3,,
कर्वे नगर येथे नाल्याची सफाई झालेली नाही,mr,DRAIN,P3,karvenagar,W12
बाणेर इलाके में नल में गंदा पानी आ रहा है,hi,WATER,P2,baner,W01
amchya area madhe illegal majla bandhla,rom,BUILD,P3,,
बोपोडी भागात कुत्र्यांची नसबंदी करावी,mr,VET,P4,bopodi,W01
संगमवाडी परिसरात नवीन नळजोडणी झालेली नाही,mr,WATER,P4,sangamwadi,W04
vishrantwadi la ped gir gaya hai,rom,TREE,P1,vishrantwadi,W15
उघड्यावर अन्न विकले जाते. कृपया लवकर लक्ष द्या,mr,HEALTH,P3,,
wadgaon budruk area मध्ये rabid dog फिरतोय,mix,VET,P1,vadgaon_budruk,W11
चंदन नगरमध्ये उंदरांचा उपद्रव वाढला आहे,mr,HEALTH,P3,chandan_nagar,W09
औंध येथे उघड्यावर अन्न विकले जाते,mr,HEALTH,P3,aundh,W01
"junya gadya padun ahet, please lavkar bagha",rom,ENCROACH,P4,,
"रात को अंधेरा रहता है, लाइट नहीं जलती",hi,ELEC,P3,,
कात्रज इलाके में सड़क पर बड़े गड्ढे हैं,hi,ROAD,P3,katraj,W13
पिसाळलेला कुत्रा फिरत आहे. नागरिक त्रस्त आहेत,mr,VET,P1,,
"उद्यानाची देखभाल होत नाही, तक्रार करूनही काही झाले नाही",mr,TREE,P4,,
लोक उघड्यावर कचरा टाकतात,mr,SWM,P3,,
फातिमा नगर येथे इमारतीची भिंत पडायला आली आहे,mr,BUILD,P1,fatima_nagar,W14
ओला सुका कचरा वेगळा उचलला जात नाही. लवकर कारवाई करा,mr,SWM,P4,,
amchya area madhe divsa pan light chalu asto,rom,ELEC,P4,,
बाणेर परिसरात अनधिकृत टपऱ्या उभ्या आहेत,mr,ENCROACH,P3,baner,W01
मुंढवा येथे माकडांचा उपद्रव वाढला आहे,mr,VET,P3,mundhwa,W05
"thele walon ka kabza hai, lavkar action ghya",rom,ENCROACH,P3,,
चूहों की समस्या बढ़ गई है,hi,HEALTH,P3,,
amchya area madhe manhole cha zakan nahi,rom,DRAIN,P1,,
विश्रांतवाडी येथे कचरा गाडी आलेली नाही,mr,SWM,P3,vishrantwadi,W15
footpath tutla ahe,rom,ROAD,P3,,
हमारे इलाके में नल में गंदा पानी आ रहा है,hi,WATER,P2,,
budhwar peth area मध्ये मोठी branch लटकतेय,mix,TREE,P1,budhwar_peth,W06
साळुंखे विहारमध्ये झाडाच्या फांद्या तारांना लागतात,mr,TREE,P2,salunke_vihar,W14
घंटागाडी वेळेवर येत नाही. नागरिक त्रस्त आहेत,mr,SWM,P3,,
"गटार उघडे आहे, दुर्गंधी येते",mr,DRAIN,P3,,
"makadancha tras ahe, lavkar action ghya",rom,VET,P3,,
"sadashiv peth madhe pani kami pressure ne yeta, please lavkar bagha",rom,WATER,P3,sadashiv_peth,W06
शनिवार पेठमध्ये गच्चीवर बेकायदा शेड बांधली,mr,BUILD,P4,shaniwar_peth,W06
नकाशा मंजूर न करता इमारत बांधली. तक्रार करूनही काही झाले नाही,mr,BUILD,P3,,
"sadashiv peth मध्ये valve leak होतोय, रोजचा problem झालाय",mix,WATER,P3,sadashiv_peth,W06
"पाशान परिसरात गटार उघडे आहे, दुर्गंधी येते",mr,DRAIN,P3,pashan,W01
Upper Indira Nagar la makadancha tras ahe,rom,VET,P3,upper_indiranagar,W03
"बावधनमध्ये अनधिकृत टपऱ्या उभ्या आहेत, लवकर कारवाई करा",mr,ENCROACH,P3,bavdhan,W08
आमच्या भागात पेव्हर ब्लॉक निघाले आहेत,mr,ROAD,P3,,
एफसी रोड परिसरात बागेतील बाकडे तुटले आहेत,mr,TREE,P4,fc_road,W10
आमच्या भागात परवानगीशिवाय झाड तोडले,mr,TREE,P3,,
हातगाड्यांमुळे वाहतूक कोंडी होते. तक्रार करूनही काही झाले नाही,mr,ENCROACH,P3,,
विश्रांतवाडी येथे बेवारस वाहने पडून आहेत,mr,ENCROACH,P4,vishrantwadi,W15
मैनहोल का ढक्कन गायब है। तुरंत कार्रवाई करें,hi,DRAIN,P1,,
मुंढवामध्ये उघड्यावर अन्न विकले जाते,mr,HEALTH,P3,mundhwa,W05
sus road area मध्ये construction dust मुळे त्रास होतो,mix,BUILD,P3,sus_road,W01
"कूड़ेदान भर गया है, कृपया जल्दी ध्यान दें",hi,SWM,P3,,
हिंगणेमध्ये पथदिव्याचा खांब वाकला आहे,mr,ELEC,P2,hingne,W11
वानवडी इलाके में नल में पानी नहीं आ रहा,hi,WATER,P2,wanowrie,W14
Yewalewadi la bhint padayla ali ahe,rom,BUILD,P1,yewalewadi,W07
"पिण्याच्या पाण्यात अळ्या दिसतात, लोक आजारी आहेत. नागरिक त्रस्त आहेत",mr,WATER,P1,,
amchya area madhe kachra gaadi aali nahi,rom,SWM,P3,,
विश्रांतवाडीमध्ये शौचालयात पाणी नाही,mr,HEALTH,P3,vishrantwadi,W15
"dhanori madhe navin nal connection milala nahi, please lavkar bagha",rom,WATER,P4,dhanori,W15
बालाजीनगर में नाली जाम है,hi,DRAIN,P2,balaji_nagar,W13
साडेसतरा नळी इलाके में पैदल रास्ते पर रेहड़ी वालों ने जगह घेर ली है,hi,ENCROACH,P3,sade_satra_nali,W05
tanker पाठवा please,mix,WATER,P2,,
"पथदिव्याचा खांब वाकला आहे, नागरिक त्रस्त आहेत",mr,ELEC,P2,,
सिंहगड रोडमध्ये बाजारातील कचरा उचलला जात नाही,mr,SWM,P3,sinhagad_road,W11
debris रस्त्यावर टाकलाय,mix,SWM,P3,,
परवानगीशिवाय झाड तोडले. नागरिक त्रस्त आहेत,mr,TREE,P3,,
"Sahakar Nagar madhe drainage tumbla ahe, lok trast ahet",rom,DRAIN,P2,sahakarnagar,W13
fogging करा please,mix,HEALTH,P3,,
गुरुवार पेठ परिसरात डासांचा खूप त्रास आहे,mr,HEALTH,P3,guruwar_peth,W02
"नकाशा मंजूर न करता इमारत बांधली, लवकर कारवाई करा",mr,BUILD,P3,,
नाल्यात कचरा अडकला आहे. कृपया लवकर लक्ष द्या,mr,DRAIN,P3,,
पाशान मध्ये site वर safety net नाही,mix,BUILD,P2,pashan,W01
"garden madhe khelni tutli, lavkar action ghya",rom,TREE,P4,,
आमच्या society जवळ tree रस्त्यावर पडलंय,mix,TREE,P1,,
पौड रोड परिसरात नाल्यात कचरा अडकला आहे,mr,DRAIN,P3,paud_road,W08
"सॅलिसबरी पार्कमध्ये रस्त्याचे काम अर्धवट सोडले आहे, कृपया लवकर लक्ष द्या",mr,ROAD,P3,salisbury_park,W03
कात्रज परिसरात गतिरोधकावर पट्टे रंगवलेले नाहीत,mr,ROAD,P4,katraj,W13
सॅलिसबरी पार्क येथे झाडाची फांदी तुटून लोंबकळत आहे,mr,TREE,P1,salisbury_park,W03
"पेव्हर ब्लॉक निघाले आहेत, तक्रार करूनही काही झाले नाही",mr,ROAD,P3,,
"अप्पर इंदिरानगर येथे टँकर पाठवा, पिण्यासाठी पाणी नाही",mr,WATER,P2,upper_indiranagar,W03
सुस रोड परिसरात कुत्र्याने मुलाला चावा घेतला,mr,VET,P1,sus_road,W01
"sb road मध्ये garbage जाळतात, धूर घरात येतो",mix,SWM,P2,sb_road,W10
"येरवडा इलाके में कूड़ा जलाया जा रहा है, धुआं फैल रहा है",hi,SWM,P2,yerawada,W15
pashan madhe ratri bandhkamacha aavaj,rom,BUILD,P4,pashan,W01
वडगाव शेरी area मध्ये light pole वाकलाय,mix,ELEC,P2,wadgaon_sheri,W09
संगमवाडीमध्ये झाडाच्या फांद्या तारांना लागतात,mr,TREE,P2,sangamwadi,W04
वडगाव शेरी में नाले की सफाई नहीं हुई,hi,DRAIN,P3,wadgaon_sheri,W09
"औंधमध्ये नवीन नळजोडणी झालेली नाही, कोणीही दखल घेत नाही",mr,WATER,P4,aundh,W01
कचरा गाडी आलेली नाही. कोणीही दखल घेत नाही,mr,SWM,P3,,
हमारे इलाके में सड़क पर बड़े गड्ढे हैं,hi,ROAD,P3,,
"फर्ग्युसन रोडमध्ये साचलेल्या पाण्यात डासांच्या अळ्या आहेत, कोणीही दखल घेत नाही",mr,HEALTH,P3,fc_road,W10
कूड़ेदान भर गया है। तुरंत कार्रवाई करें,hi,SWM,P3,,
बाणेरमध्ये बांधकामाची धूळ घरात येते,mr,BUILD,P3,baner,W01
साडेसतरा नळी येथे रात्रभर कुत्री भुंकतात,mr,VET,P4,sade_satra_nali,W05
हमारे इलाके में सार्वजनिक शौचालय गंदा है,hi,HEALTH,P3,,
कसबा पेठ भागात मेलेले जनावर रस्त्यावर पडले आहे,mr,VET,P2,kasba_peth,W06
"street light band hai, please lavkar bagha",rom,ELEC,P3,,
sahakarnagar area मध्ये speed breaker ला marking नाही,mix,ROAD,P4,sahakarnagar,W13
"garbage जाळतात, धूर घरात येतो, complaint करूनही response नाही",mix,SWM,P2,,
"viman nagar madhe malaria che cases ahet, please lavkar bagha",rom,HEALTH,P2,viman_nagar,W09
एनआयबीएम रोड येथे नाल्यात कचरा अडकला आहे,mr,DRAIN,P3,nibm_road,W07
amchya area madhe footpath tutla ahe,rom,ROAD,P3,,
बांधकामाच्या ठिकाणी सुरक्षा जाळी नाही. तक्रार करूनही काही झाले नाही,mr,BUILD,P2,,
senapati bapat road मध्ये speed breaker ला marking नाही,mix,ROAD,P4,sb_road,W10
Warje Malwadi la pisalela kutra firtoy,rom,VET,P1,warje_malwadi,W12
गोखलेनगर येथे डुकरांचा वावर वाढला आहे,mr,VET,P3,gokhalenagar,W10
हमारे इलाके में फुटपाथ टूटा हुआ है,hi,ROAD,P3,,
site वर safety net नाही,mix,BUILD,P2,,
"रस्त्यावर अंधार असतो, दिवे लागत नाहीत. लवकर कारवाई करा",mr,ELEC,P3,,
गुरुवार पेठ येथे नळाला गढूळ पाणी येते,mr,WATER,P2,guruwar_peth,W02
"टँकर पाठवा, पिण्यासाठी पाणी नाही. कृपया लवकर लक्ष द्या",mr,WATER,P2,,
"baget gavat vadhla ahe, lavkar action ghya",rom,TREE,P3,,
गड्ढे की वजह से एक्सीडेंट हुआ,hi,ROAD,P2,,
नवीन नळजोडणी झालेली नाही. कोणीही दखल घेत नाही,mr,WATER,P4,,
"wire latkat ahe khambavar, please lavkar bagha",rom,ELEC,P1,,
बावधनमध्ये झाडाची फांदी तुटून लोंबकळत आहे,mr,TREE,P1,bavdhan,W08
मुंडवा में पेड़ सड़क पर गिर गया है,hi,TREE,P1,mundhwa,W05
कोरेगाव पार्क में स्ट्रीट लाइट बंद है,hi,ELEC,P3,koregaon_park,W04
चंदन नगरमध्ये मोकाट गायी रस्त्यात बसतात,mr,VET,P3,chandan_nagar,W09
Kothrud la nalyachi saphai zali nahi,rom,DRAIN,P3,kothrud,W08
आमच्या भागात पथदिव्याचा खांब वाकला आहे,mr,ELEC,P2,,
"एनआयबीएम रोडमध्ये खांबाला करंट येतो, कोणीही दखल घेत नाही",mr,ELEC,P1,nibm_road,W07
Sahakar Nagar madhe machhar bahut hain,rom,HEALTH,P3,sahakarnagar,W13
vishrantwadi area मध्ये garbage van वेळेवर येत नाही,mix,SWM,P3,vishrantwadi,W15
उघड्यावर अन्न विकले जाते. तक्रार करूनही काही झाले नाही,mr,HEALTH,P3,,
नाल्यात कचरा अडकला आहे. कोणीही दखल घेत नाही,mr,DRAIN,P3,,
thele walon ka kabza hai,rom,ENCROACH,P3,,
amchya area madhe speed breaker la patte nahit,rom,ROAD,P4,,
"tanker पाठवा please, रोजचा problem झालाय",mix,WATER,P2,,
"लावारिस गाड़ियां खड़ी हैं, लोग परेशान हैं",hi,ENCROACH,P4,,
अवैध होर्डिंग लगा है। लोग परेशान हैं,hi,ENCROACH,P3,,
"marketyard मध्ये road वर मोठे potholes आहेत, please लवकर action घ्या",mix,ROAD,P3,market_yard,W03
manik baug area मध्ये रात्री पूर्ण dark असतं,mix,ELEC,P3,manikbaug,W11
paver blocks निघाले आहेत,mix,ROAD,P3,,
गोखलेनगर भागात गटार भरून वाहत आहे,mr,DRAIN,P2,gokhalenagar,W10
"पिण्याच्या पाण्यात अळ्या दिसतात, लोक आजारी आहेत. तक्रार करूनही काही झाले नाही",mr,WATER,P1,,
कोथरूड येथे दुकानदारांनी पत्र्याचे छत रस्त्यापर्यंत वाढवले आहे,mr,ENCROACH,P3,kothrud,W08
आमच्या भागात रस्त्यावर खूप खड्डे पडले आहेत,mr,ROAD,P3,,
आमच्या society जवळ valve leak होतोय,mix,WATER,P3,,
"wanowrie madhe undir khup zale ahet, lok trast ahet",rom,HEALTH,P3,wanowrie,W14
सार्वजनिक शौचालय गंदा है,hi,HEALTH,P3,,
"डेक्कन area मध्ये old building धोकादायक आहे, कधीही कोसळेल",mix,BUILD,P1,deccan,W10
"ताडीवाला रोडमध्ये मोठ्या खड्ड्यामुळे दुचाकीचा अपघात झाला, कृपया लवकर लक्ष द्या",mr,ROAD,P2,tadiwala_road,W04
"chandan nagar madhe mela kutra padla ahe, lok trast ahet",rom,VET,P2,chandan_nagar,W09
डेंगू के कई मरीज़ मिले हैं। तुरंत कार्रवाई करें,hi,HEALTH,P1,,
सार्वजनिक जागेवर कब्जा केला आहे. नागरिक त्रस्त आहेत,mr,ENCROACH,P3,,
आमच्या society जवळ rats चा problem आहे,mix,HEALTH,P3,,
बिबवेवाडी परिसरात मॅनहोलचे झाकण तुटले आहे,mr,DRAIN,P1,bibwewadi,W03
"shivajinagar मध्ये झाड वाकलंय, पडेल असं वाटतं",mix,TREE,P1,shivajinagar,W10
मॉडेल कॉलनी परिसरात ओला सुका कचरा वेगळा उचलला जात नाही,mr,SWM,P4,model_colony,W10
विश्रांतवाडी येथे ड्रेनेज तुंबले आहे,mr,DRAIN,P2,vishrantwadi,W15
रस्त्यावर खूप खड्डे पडले आहेत,mr,ROAD,P3,,
मॉडेल कॉलनीमध्ये बांधकामाच्या ठिकाणी सुरक्षा जाळी नाही,mr,BUILD,P2,model_colony,W10
चंदननगर येथे रस्त्याचे काम अर्धवट सोडले आहे,mr,ROAD,P3,chandan_nagar,W09
कचऱ्याचा ढीग साचला आहे. लवकर कारवाई करा,mr,SWM,P3,,
amchya area madhe khambala current yeto,rom,ELEC,P1,,
मार्केट यार्ड भागात रस्त्यालगतचा जाहिरात फलक धोकादायकरीत्या झुकला आहे,mr,ENCROACH,P1,market_yard,W03
amchya area madhe kachra kundi bharleli ahe,rom,SWM,P3,,
"डेक्कनमध्ये पाणी येण्याची वेळ अनिश्चित असते, कोणीही दखल घेत नाही",mr,WATER,P4,deccan,W10
पुरानी इमारत गिर सकती है। कृपया जल्दी ध्यान दें,hi,BUILD,P1,,
डेक्कन भागात नवीन पथदिवे लावावेत,mr,ELEC,P4,deccan,W10
रस्त्यावर बाजार भरतो,mr,ENCROACH,P3,,
"narayan peth मध्ये shop चा माल road वर ठेवतात, please लवकर action घ्या",mix,ENCROACH,P3,narayan_peth,W06
"hingne madhe juni imarat kosalnyachya sthitit ahe, complaint karun pan kahi zala nahi",rom,BUILD,P1,hingne,W11
रस्ता खचला आहे आणि मोठा खड्डा तयार झाला. लवकर कारवाई करा,mr,ROAD,P2,,
"pavsache pani sachte, please lavkar bagha",rom,DRAIN,P2,,
विमाननगर भागात डुकरांचा वावर वाढला आहे,mr,VET,P3,viman_nagar,W09
बंदरों का उत्पात बढ़ गया है। लोग परेशान हैं,hi,VET,P3,,
सांडपाणी घरात येत आहे,mr,DRAIN,P1,,
Katraj madhe footpath tutla ahe,rom,ROAD,P3,katraj,W13
पाणी येण्याची वेळ अनिश्चित असते,mr,WATER,P4,,
फातिमानगर भागात मोकाट गायी रस्त्यात बसतात,mr,VET,P3,fatima_nagar,W14
"जलवाहिनी फुटली आहे, पाणी वाया जात आहे. कृपया लवकर लक्ष द्या",mr,WATER,P2,,
"erandwane area मध्ये old building धोकादायक आहे, कधीही कोसळेल",mix,BUILD,P1,erandwane,W08
आमच्या society जवळ construction dust मुळे त्रास होतो,mix,BUILD,P3,,
कर्वे नगर में खंभे में करंट आ रहा है,hi,ELEC,P1,karvenagar,W12
झाडाच्या फांद्या तारांना लागतात. तक्रार करूनही काही झाले नाही,mr,TREE,P2,,
आमच्या भागात भटक्या कुत्र्यांचा त्रास वाढला आहे,mr,VET,P3,,
sus road la gai rastyat bastat,rom,VET,P3,sus_road,W01
"hadapsar मध्ये hoarding वाकलंय, पडू शकतं, लवकर काहीतरी करा please",mix,ENCROACH,P1,hadapsar,W05
जखमी जनावर रस्त्यावर पडले आहे,mr,VET,P2,,
"Kasba Peth madhe streetlight band ahe, lavkar action ghya",rom,ELEC,P3,kasba_peth,W06
वारजे माळवाडी भागात साचलेल्या पाण्यात डासांच्या अळ्या आहेत,mr,HEALTH,P3,warje_malwadi,W12
"debris रस्त्यावर टाकलाय, please लवकर action घ्या",mix,SWM,P3,,
गुरुवार पेठमध्ये रात्री बांधकामाचा आवाज होतो,mr,BUILD,P4,guruwar_peth,W02
फॉगिंग नहीं हुई,hi,HEALTH,P3,,
एरंडवणा area मध्ये wire खांबावरून लटकतेय,mix,ELEC,P1,erandwane,W08
"Kasba Peth madhe sadak mein gadde bahut hain, please lavkar bagha",rom,ROAD,P3,kasba_peth,W06
कूड़ेदान भर गया है। कोई सुनवाई नहीं हो रही,hi,SWM,P3,,
"आमच्या भागात रस्त्यावर अंधार असतो, दिवे लागत नाहीत",mr,ELEC,P3,,
"रामटेकडीमध्ये अनधिकृत टपऱ्या उभ्या आहेत, लवकर कारवाई करा",mr,ENCROACH,P3,ramtekdi,W14
आमच्या society जवळ dead animal पडलंय,mix,VET,P2,,
अप्पर इंदिरानगर भागात झाडाची फांदी तुटून लोंबकळत आहे,mr,TREE,P1,upper_indiranagar,W03
bhawani peth area मध्ये wet dry waste वेगळा घेत नाहीत,mix,SWM,P4,bhavani_peth,W02
मोठ्या खड्ड्यामुळे दुचाकीचा अपघात झाला. तक्रार करूनही काही झाले नाही,mr,ROAD,P2,,
amchya area madhe footpath var feriwale basun jaga ghetat,rom,ENCROACH,P3,,
"वडगाव बुद्रुकमध्ये फुटपाथ तुटलेला आहे, लवकर कारवाई करा",mr,ROAD,P3,vadgaon_budruk,W11
बिबवेवाडी परिसरात नकाशा मंजूर न करता इमारत बांधली,mr,BUILD,P3,bibwewadi,W03
बाणेरमध्ये रस्त्यालगतचा जाहिरात फलक धोकादायकरीत्या झुकला आहे,mr,ENCROACH,P1,baner,W01
amchya area madhe jhadacha motha bhag tutun lombakalto,rom,TREE,P1,,
bhatki kutri khup ahet,rom,VET,P3,,
karve nagar la kutryane chavla,rom,VET,P1,karvenagar,W12
हडपसरमध्ये परवानगीशिवाय झाड तोडले,mr,TREE,P3,hadapsar,W05
आमच्या society जवळ sewage चे पाणी घरात येतंय,mix,DRAIN,P1,,
कचरा गाडी आलेली नाही,mr,SWM,P3,,
shaniwar peth मध्ये road चे काम अर्धवट सोडलंय,mix,ROAD,P3,shaniwar_peth,W06
"सेनापती बापट रोडमध्ये रस्त्याचे काम अर्धवट सोडले आहे, नागरिक त्रस्त आहेत",mr,ROAD,P3,sb_road,W10
सहकार नगर येथे दिवसाही पथदिवे चालू असतात,mr,ELEC,P4,sahakarnagar,W13
balewadi madhe streetlight band ahe,rom,ELEC,P3,balewadi,W01
vishrantwadi मध्ये tanker पाठवा please,mix,WATER,P2,vishrantwadi,W15
jhad parvangi shivay todla,rom,TREE,P3,,
"कोरेगाव पार्क में नई सड़क कुछ दिनों में उखड़ गई, कोई सुनवाई नहीं हो रही",hi,ROAD,P3,koregaon_park,W04
येरवडा इलाके में आवारा कुत्तों का आतंक है,hi,VET,P3,yerawada,W15
एसबी रोड में पैदल रास्ते पर रेहड़ी वालों ने जगह घेर ली है,hi,ENCROACH,P3,sb_road,W10
फक्त थोडा वेळ पाणी येते,mr,WATER,P3,,
"सांडपाणी घरात येत आहे, लवकर कारवाई करा",mr,DRAIN,P1,,
bhawani peth la jhad rastyavar padla ahe,rom,TREE,P1,bhavani_peth,W02
कात्रजमध्ये रात्री बांधकामाचा आवाज होतो,mr,BUILD,P4,katraj,W13
"wadgaon sheri area मध्ये झाड वाकलंय, पडेल असं वाटतं",mix,TREE,P1,wadgaon_sheri,W09
आमच्या भागात नवीन नळजोडणी झालेली नाही,mr,WATER,P4,,
आमच्या भागात कचराकुंडी भरून वाहत आहे,mr,SWM,P3,,
साडेसतरा नळी येथे रात्री बांधकामाचा आवाज होतो,mr,BUILD,P4,sade_satra_nali,W05
"टिंगरे नगर परिसरात पिण्याच्या पाण्यात अळ्या दिसतात, लोक आजारी आहेत",mr,WATER,P1,tingre_nagar,W15
एफसी रोड इलाके में अवैध मंज़िल बनाई जा रही है,hi,BUILD,P3,fc_road,W10
बिबवेवाडी भागात उंदरांचा उपद्रव वाढला आहे,mr,HEALTH,P3,bibwewadi,W03
मार्केट यार्ड इलाके में पानी का टैंकर भेजिए,hi,WATER,P2,market_yard,W03
फातिमा नगर इलाके में पुरानी इमारत गिर सकती है,hi,BUILD,P1,fatima_nagar,W14
kasba peth area मध्ये dead animal पडलंय,mix,VET,P2,kasba_peth,W06
"विमाननगर में पुरानी इमारत गिर सकती है, कृपया जल्दी ध्यान दें",hi,BUILD,P1,viman_nagar,W09
"उघड्यावर अन्न विकले जाते, तक्रार करूनही काही झाले नाही",mr,HEALTH,P3,,
"ramtekdi मध्ये rain water साचतंय, लवकर काहीतरी करा please",mix,DRAIN,P2,ramtekdi,W14
आमच्या भागात जखमी जनावर रस्त्यावर पडले आहे,mr,VET,P2,,
येरवडा area मध्ये site वर safety net नाही,mix,BUILD,P2,yerawada,W15
Baner la fogging zali nahi,rom,HEALTH,P3,baner,W01
"शिवाजीनगरमध्ये मॅनहोलचे झाकण तुटले आहे, तक्रार करूनही काही झाले नाही",mr,DRAIN,P1,shivajinagar,W10
खांबाला करंट येतो. कोणीही दखल घेत नाही,mr,ELEC,P1,,
हमारे इलाके में बंदरों का उत्पात बढ़ गया है,hi,VET,P3,,
ढोले पाटील रोड में रात में निर्माण का शोर होता है,hi,BUILD,P4,dhole_patil_road,W04
speed breaker ला marking नाही,mix,ROAD,P4,,
साडेसतरा नळी येथे घंटागाडी वेळेवर येत नाही,mr,SWM,P3,sade_satra_nali,W05
"permission शिवाय construction चालू आहे, please लवकर action घ्या",mix,BUILD,P3,,
चंदन नगर येथे मॅनहोलचे झाकण तुटले आहे,mr,DRAIN,P1,chandan_nagar,W09
चंदन नगर येथे नवीन पथदिवे लावावेत,mr,ELEC,P4,chandan_nagar,W09
"abandoned vehicles पडून आहेत, complaint करूनही response नाही",mix,ENCROACH,P4,,
एनआयबीएम रोड मध्ये dirty पाणी येतंय नळाला,mix,WATER,P2,nibm_road,W07
मोठ्या खड्ड्यामुळे दुचाकीचा अपघात झाला,mr,ROAD,P2,,
"hingne मध्ये sewage चे पाणी घरात येतंय, रोजचा problem झालाय",mix,DRAIN,P1,hingne,W11
"jhad rastyavar padla ahe, please lavkar bagha",rom,TREE,P1,,
"salisbury park madhe ratri andhar asto, complaint karun pan kahi zala nahi",rom,ELEC,P3,salisbury_park,W03
रस्त्यावर खूप खड्डे पडले आहेत. नागरिक त्रस्त आहेत,mr,ROAD,P3,,
"नाले की सफाई नहीं हुई, लोग परेशान हैं",hi,DRAIN,P3,,
"dog ने chavla, injection घ्यावं लागलं",mix,VET,P1,,
सहकारनगर भागात मलेरियाचे रुग्ण वाढत आहेत,mr,HEALTH,P2,sahakarnagar,W13
कूड़ा नहीं उठाया गया। कोई सुनवाई नहीं हो रही,hi,SWM,P3,,
"fatima nagar madhe footpath var feriwale basun jaga ghetat, please lavkar bagha",rom,ENCROACH,P3,fatima_nagar,W14
टिंगरे नगर भागात कचराकुंडी भरून वाहत आहे,mr,SWM,P3,tingre_nagar,W15
"कात्रजमध्ये गल्लीत एकही दिवा चालू नाही, लवकर कारवाई करा",mr,ELEC,P3,katraj,W13
"site वर safety net नाही, complaint करूनही response नाही",mix,BUILD,P2,,
पाणी येण्याची वेळ अनिश्चित असते. लवकर कारवाई करा,mr,WATER,P4,,
मगरपट्टा परिसरात गटार भरून वाहत आहे,mr,DRAIN,P2,magarpatta,W05
वारजे माळवाडीमध्ये सार्वजनिक शौचालय घाण आहे,mr,HEALTH,P3,warje_malwadi,W12
आमच्या भागात डुकरांचा वावर वाढला आहे,mr,VET,P3,,
"street light band hai, lok trast ahet",rom,ELEC,P3,,
Kotharud madhe machhar bahut hain,rom,HEALTH,P3,kothrud,W08
कचरा गाड़ी समय पर नहीं आती। तुरंत कार्रवाई करें,hi,SWM,P3,,
राडारोडा रस्त्याकडेला टाकला आहे. कृपया लवकर लक्ष द्या,mr,SWM,P3,,
"Kalyani Nagar madhe kachra gaadi aali nahi, lavkar action ghya",rom,SWM,P3,kalyani_nagar,W09
विठ्ठलवाडी में पानी का प्रेशर बहुत कम है,hi,WATER,P3,vitthalwadi,W11
डेंगू के कई मरीज़ मिले हैं,hi,HEALTH,P1,,
chandan nagar area मध्ये road चे काम अर्धवट सोडलंय,mix,ROAD,P3,chandan_nagar,W09
"कूड़ेदान भर गया है, लोग परेशान हैं",hi,SWM,P3,,
"yerawada मध्ये water supply बंद आहे, complaint करूनही response नाही",mix,WATER,P2,yerawada,W15
"पावसाचे पाणी साचते, निचरा होत नाही",mr,DRAIN,P2,,
सीवर का पानी घर में आ रहा है,hi,DRAIN,P1,,
"gokhale nagar madhe thele walon ka kabza hai, lok trast ahet",rom,ENCROACH,P3,gokhalenagar,W10
amchya area madhe wire latkat ahe khambavar,rom,ELEC,P1,,
"पद्मावतीमध्ये ओला सुका कचरा वेगळा उचलला जात नाही, कोणीही दखल घेत नाही",mr,SWM,P4,padmavati,W13
"Gokhalenagar madhe rasta khodun tasach sodla ahe, lavkar action ghya",rom,ROAD,P3,gokhalenagar,W10
nalyachi saphai zali nahi,rom,DRAIN,P3,,
पेड़ की डाल टूटकर लटक रही है। लोग परेशान हैं,hi,TREE,P1,,
कर्वे नगर येथे रस्ता खोदून परत बुजवला नाही,mr,ROAD,P3,karvenagar,W12
"bandhkamachi dhul gharat yete, lavkar action ghya",rom,BUILD,P3,,
"शनिवार पेठ में डेंगू के कई मरीज़ मिले हैं, कृपया जल्दी ध्यान दें",hi,HEALTH,P1,shaniwar_peth,W06
आमच्या भागात गच्चीवर बेकायदा शेड बांधली,mr,BUILD,P4,,
"वारजे माळवाडी में कूड़ा जलाया जा रहा है, धुआं फैल रहा है",hi,SWM,P2,warje_malwadi,W12
आमच्या भागात नकाशा मंजूर न करता इमारत बांधली,mr,BUILD,P3,,
चंदन नगर इलाके में दिन में भी लाइट जलती रहती है,hi,ELEC,P4,chandan_nagar,W09
साचलेल्या पाण्यात डासांच्या अळ्या आहेत. कृपया लवकर लक्ष द्या,mr,HEALTH,P3,,
"tadiwala road madhe awara kutte bahut hain, lok trast ahet",rom,VET,P3,tadiwala_road,W04
"sandpani gharat yetay, lavkar action ghya",rom,DRAIN,P1,,
dasancha khup tras ahe,rom,HEALTH,P3,,
धायरी भागात शौचालयात पाणी नाही,mr,HEALTH,P3,dhayari,W11
mela kutra padla ahe,rom,VET,P2,,
बोपोडी भागात अनधिकृत टपऱ्या उभ्या आहेत,mr,ENCROACH,P3,bopodi,W01
उद्यानाची देखभाल होत नाही. तक्रार करूनही काही झाले नाही,mr,TREE,P4,,
"dasancha khup tras ahe, lok trast ahet",rom,HEALTH,P3,,
"धानोरीमध्ये मोकाट गायी रस्त्यात बसतात, कृपया लवकर लक्ष द्या",mr,VET,P3,dhanori,W15
singhad road madhe dukandarane rastyavar saman thevla,rom,ENCROACH,P3,sinhagad_road,W11
आमच्या भागात बांधकामाची धूळ घरात येते,mr,BUILD,P3,,
शनिवार पेठ भागात बाजारातील कचरा उचलला जात नाही,mr,SWM,P3,shaniwar_peth,W06
speed breaker la patte nahit,rom,ROAD,P4,,
नळाला पाणी आलेले नाही. कोणीही दखल घेत नाही,mr,WATER,P2,,
"kachra kundi bharleli ahe, please lavkar bagha",rom,SWM,P3,,
footpath वर encroachment आहे,mix,ENCROACH,P3,,
"sangamwadi मध्ये gutter overflow होतोय, वास येतो",mix,DRAIN,P2,sangamwadi,W04
परवानगीशिवाय झाड तोडले. कृपया लवकर लक्ष द्या,mr,TREE,P3,,
"सहकारनगर मध्ये illegal floor बांधतायत, रोजचा problem झालाय",mix,BUILD,P3,sahakarnagar,W13
सहकारनगर परिसरात नकाशा मंजूर न करता इमारत बांधली,mr,BUILD,P3,sahakarnagar,W13
"low pressure मुळे पाणी वर जात नाही, रोजचा problem झालाय",mix,WATER,P3,,
भटक्या कुत्र्यांचा त्रास वाढला आहे,mr,VET,P3,,
अवैध दुकानें लगी हैं। कोई सुनवाई नहीं हो रही,hi,ENCROACH,P3,,
"कर्वेनगरमध्ये गटार उघडे आहे, दुर्गंधी येते, कोणीही दखल घेत नाही",mr,DRAIN,P3,karvenagar,W12
गोखले नगर में फुटपाथ टूटा हुआ है,hi,ROAD,P3,gokhalenagar,W10
वारजेमध्ये परवानगीशिवाय झाड तोडले,mr,TREE,P3,warje,W12
वारजे मध्ये drainage block झालंय,mix,DRAIN,P2,warje,W12
सड़क का काम अधूरा छोड़ दिया गया है। लोग परेशान हैं,hi,ROAD,P3,,
"salisbury park मध्ये speed breaker ला marking नाही, रोजचा problem झालाय",mix,ROAD,P4,salisbury_park,W03
valve leak होतोय,mix,WATER,P3,,
"हिंगणेमध्ये घंटागाडी वेळेवर येत नाही, लवकर कारवाई करा",mr,SWM,P3,hingne,W11
padmavati मध्ये रात्री पूर्ण dark असतं,mix,ELEC,P3,padmavati,W13
हमारे इलाके में नल में पानी नहीं आ रहा,hi,WATER,P2,,
कल्याणी नगर में अवैध दुकानें लगी हैं,hi,ENCROACH,P3,kalyani_nagar,W09
"कसबा पेठ में कूड़ा जलाया जा रहा है, धुआं फैल रहा है",hi,SWM,P2,kasba_peth,W06
चंदन नगर येथे रस्त्यावर खूप खड्डे पडले आहेत,mr,ROAD,P3,chandan_nagar,W09
मुंढवा परिसरात सांडपाणी घरात येत आहे,mr,DRAIN,P1,mundhwa,W05
मार्केट यार्ड परिसरात वाळलेले झाड कधीही पडेल,mr,TREE,P1,market_yard,W03
विश्रांतवाडीमध्ये अनधिकृत टपऱ्या उभ्या आहेत,mr,ENCROACH,P3,vishrantwadi,W15
मुंढवा में मरा हुआ जानवर पड़ा है,hi,VET,P2,mundhwa,W05
संगमवाडी भागात ड्रेनेज तुंबले आहे,mr,DRAIN,P2,sangamwadi,W04
संगमवाडी येथे पथदिवे बंद आहेत,mr,ELEC,P3,sangamwadi,W04
ताडीवाला रोड मध्ये fogging करा please,mix,HEALTH,P3,tadiwala_road,W04
हमारे इलाके में पानी का प्रेशर बहुत कम है,hi,WATER,P3,,
"कल्याणी नगर में नल में पानी नहीं आ रहा, लोग परेशान हैं",hi,WATER,P2,kalyani_nagar,W09
"junya gadya padun ahet, lavkar action ghya",rom,ENCROACH,P4,,
"कळस परिसरात टँकर पाठवा, पिण्यासाठी पाणी नाही",mr,WATER,P2,kalas,W15
एफसी रोड येथे साचलेल्या पाण्यात डासांच्या अळ्या आहेत,mr,HEALTH,P3,fc_road,W10
"मोठी branch लटकतेय, complaint करूनही response नाही",mix,TREE,P1,,
"sahakar nagar madhe pavsache pani sachte, please lavkar bagha",rom,DRAIN,P2,sahakarnagar,W13
"ताडीवाला रोड में अवैध मंज़िल बनाई जा रही है, लोग परेशान हैं",hi,BUILD,P3,tadiwala_road,W04
लावारिस गाड़ियां खड़ी हैं,hi,ENCROACH,P4,,
मॉडेल कॉलनी इलाके में खंभे में करंट आ रहा है,hi,ELEC,P1,model_colony,W10
पैदल रास्ते पर रेहड़ी वालों ने जगह घेर ली है। तुरंत कार्रवाई करें,hi,ENCROACH,P3,,
बाणेर येथे फेरीवाल्यांनी फुटपाथ अडवला आहे,mr,ENCROACH,P3,baner,W01
फातिमानगरमध्ये मोकाट गायी रस्त्यात बसतात,mr,VET,P3,fatima_nagar,W14
आमच्या भागात दिवसाही पथदिवे चालू असतात,mr,ELEC,P4,,
"मगरपट्टा येथे रस्त्यावर अंधार असतो, दिवे लागत नाहीत",mr,ELEC,P3,magarpatta,W05
Narayan Peth la pani kami pressure ne yeta,rom,WATER,P3,narayan_peth,W06
Deccan madhe rasta khodun tasach sodla ahe,rom,ROAD,P3,deccan,W10
ताडीवाला रोड येथे उघड्यावर अन्न विकले जाते,mr,HEALTH,P3,tadiwala_road,W04
चेंबर रस्त्यापेक्षा उंच आहे,mr,DRAIN,P3,,
शिवाजी नगर परिसरात फेरीवाल्यांनी फुटपाथ अडवला आहे,mr,ENCROACH,P3,shivajinagar,W10
"स्ट्रीट लाइट बंद है, कोई सुनवाई नहीं हो रही",hi,ELEC,P3,,
सुस रोड इलाके में फुटपाथ टूटा हुआ है,hi,ROAD,P3,sus_road,W01
water timing रोज बदलते,mix,WATER,P4,,
फातिमानगरमध्ये नाल्याची सफाई झालेली नाही,mr,DRAIN,P3,fatima_nagar,W14
"पाषाणमध्ये पावसाचे पाणी साचते, निचरा होत नाही",mr,DRAIN,P2,pashan,W01
सीवर का पानी घर में आ रहा है। तुरंत कार्रवाई करें,hi,DRAIN,P1,,
"gutter overflow hot ahe, please lavkar bagha",rom,DRAIN,P2,,
sewage चे पाणी घरात येतंय,mix,DRAIN,P1,,
"उंदरांचा उपद्रव वाढला आहे, कोणीही दखल घेत नाही",mr,HEALTH,P3,,
"ताडीवाला रोडमध्ये सार्वजनिक शौचालय घाण आहे, लवकर कारवाई करा",mr,HEALTH,P3,tadiwala_road,W04
साळुंखे विहार भागात परवानगीशिवाय झाड तोडले,mr,TREE,P3,salunke_vihar,W14
कळस परिसरात खांबाला करंट येतो,mr,ELEC,P1,kalas,W15
"bhavani peth area मध्ये garbage जाळतात, धूर घरात येतो",mix,SWM,P2,bhavani_peth,W02
बाणेर येथे पिसाळलेला कुत्रा फिरत आहे,mr,VET,P1,baner,W01
mayur colony madhe ped gir gaya hai,rom,TREE,P1,mayur_colony,W08
चंदन नगर में स्ट्रीट लाइट बंद है,hi,ELEC,P3,chandan_nagar,W09
आमच्या भागात रस्त्यालगतचा जाहिरात फलक धोकादायकरीत्या झुकला आहे,mr,ENCROACH,P1,,
सुस रोड इलाके में कचरा गाड़ी समय पर नहीं आती,hi,SWM,P3,sus_road,W01
मुंडवामध्ये कावीळीची साथ पसरली आहे,mr,HEALTH,P1,mundhwa,W05
"वडगाव शेरीमध्ये नवीन नळजोडणी झालेली नाही, कोणीही दखल घेत नाही",mr,WATER,P4,wadgaon_sheri,W09
tingre nagar मध्ये कचऱ्याचा मोठा dump झालाय,mix,SWM,P3,tingre_nagar,W15
fogging zali nahi,rom,HEALTH,P3,,
"kachra gaadi aali nahi, please lavkar bagha",rom,SWM,P3,,
"dhole patil road मध्ये light pole वाकलाय, complaint करूनही response नाही",mix,ELEC,P2,dhole_patil_road,W04
गुलटेकडी येथे ओला सुका कचरा वेगळा उचलला जात नाही,mr,SWM,P4,gultekdi,W03
"dengue che rugn vadhle, complaint karun pan kahi zala nahi",rom,HEALTH,P1,,
"road चे काम अर्धवट सोडलंय, complaint करूनही response नाही",mix,ROAD,P3,,
"shop चा माल road वर ठेवतात, लवकर काहीतरी करा please",mix,ENCROACH,P3,,
"माणिकबागमध्ये रस्त्यालगतचा जाहिरात फलक धोकादायकरीत्या झुकला आहे, लवकर कारवाई करा",mr,ENCROACH,P1,manikbaug,W11
शिवाजी नगर परिसरात चेंबर रस्त्यापेक्षा उंच आहे,mr,DRAIN,P3,shivajinagar,W10
पाशान इलाके में फुटपाथ टूटा हुआ है,hi,ROAD,P3,pashan,W01
नल में गंदा पानी आ रहा है,hi,WATER,P2,,
katraj मध्ये dengue चे cases वाढलेत,mix,HEALTH,P1,katraj,W13
बालाजी नगर इलाके में दिन में भी लाइट जलती रहती है,hi,ELEC,P4,balaji_nagar,W13
"nibm road madhe road che kaam ardhavat sodla ahe, lavkar action ghya",rom,ROAD,P3,nibm_road,W07
धनकवडी परिसरात नाल्यात कचरा अडकला आहे,mr,DRAIN,P3,dhankawadi,W13
garbage उचलला नाही,mix,SWM,P3,,
आमच्या भागात कचऱ्याचा ढीग साचला आहे,mr,SWM,P3,,
बुधवार पेठ भागात बागेतील बाकडे तुटले आहेत,mr,TREE,P4,budhwar_peth,W06
"cows road वर बसतात, लवकर काहीतरी करा please",mix,VET,P3,,
Bibvewadi madhe divebatti lagat nahi,rom,ELEC,P3,bibwewadi,W03
वाळलेले झाड कधीही पडेल. कृपया लवकर लक्ष द्या,mr,TREE,P1,,
हातगाड्यांमुळे वाहतूक कोंडी होते,mr,ENCROACH,P3,,
"illegal stalls उभे आहेत, लवकर काहीतरी करा please",mix,ENCROACH,P3,,
"pipeline futli ahe, lok trast ahet",rom,WATER,P2,,
वारजे परिसरात माकडांचा उपद्रव वाढला आहे,mr,VET,P3,warje,W12
"sahakar nagar मध्ये dog ने chavla, injection घ्यावं लागलं",mix,VET,P1,sahakarnagar,W13
"रात्री construction noise असतो, please लवकर action घ्या",mix,BUILD,P4,,
"फेरीवाल्यांनी फुटपाथ अडवला आहे, तक्रार करूनही काही झाले नाही",mr,ENCROACH,P3,,
varje area मध्ये toilet मध्ये water नाही,mix,HEALTH,P3,warje,W12
"धनकवडी परिसरात पिण्याच्या पाण्यात अळ्या दिसतात, लोक आजारी आहेत",mr,WATER,P1,dhankawadi,W13
नारायण पेठ में सार्वजनिक शौचालय गंदा है,hi,HEALTH,P3,narayan_peth,W06
"नाल्यात कचरा अडकला आहे, लवकर कारवाई करा",mr,DRAIN,P3,,
vishrantwadi madhe rasta khodun tasach sodla ahe,rom,ROAD,P3,vishrantwadi,W15
"mosquito breeding होतंय साचलेल्या पाण्यात, रोजचा problem झालाय",mix,HEALTH,P3,,
deccan area मध्ये street light बंद आहे,mix,ELEC,P3,deccan,W10
बालेवाडी परिसरात चेंबर रस्त्यापेक्षा उंच आहे,mr,DRAIN,P3,balewadi,W01
manhole cover गायब आहे,mix,DRAIN,P1,,
वडगाव बुद्रुक येथे खांबाला करंट येतो,mr,ELEC,P1,vadgaon_budruk,W11
आमच्या भागात गतिरोधकावर पट्टे रंगवलेले नाहीत,mr,ROAD,P4,,
पौड रोड भागात कचराकुंडी तुटली आहे,mr,SWM,P4,paud_road,W08
Fc Road la ola suka kachra ekatra uchalta,rom,SWM,P4,fc_road,W10
दुकानदारांनी रस्त्यावर माल ठेवला आहे. लवकर कारवाई करा,mr,ENCROACH,P3,,
सड़क का काम अधूरा छोड़ दिया गया है। तुरंत कार्रवाई करें,hi,ROAD,P3,,
दुभाजक तुटून सळ्या बाहेर आल्या आहेत. तक्रार करूनही काही झाले नाही,mr,ROAD,P2,,
"dog ने chavla, injection घ्यावं लागलं, complaint करूनही response नाही",mix,VET,P1,,
"रस्त्यालगतचा जाहिरात फलक धोकादायकरीत्या झुकला आहे, लवकर कारवाई करा",mr,ENCROACH,P1,,
jhadanchi chhatni kara,rom,TREE,P4,,
sangamwadi la rasta khodun tasach sodla ahe,rom,ROAD,P3,sangamwadi,W04
आमच्या भागात सार्वजनिक शौचालय घाण आहे,mr,HEALTH,P3,,
भवानी पेठ भागात रस्त्यावर खूप खड्डे पडले आहेत,mr,ROAD,P3,bhavani_peth,W02
रस्त्यालगतचा जाहिरात फलक धोकादायकरीत्या झुकला आहे. कोणीही दखल घेत नाही,mr,ENCROACH,P1,,
"kachra jalat ahet, dhur yeto",rom,SWM,P2,,
पुरानी इमारत गिर सकती है,hi,BUILD,P1,,
एरंडवणे इलाके में अवैध मंज़िल बनाई जा रही है,hi,BUILD,P3,erandwane,W08
बालाजीनगर येथे जखमी जनावर रस्त्यावर पडले आहे,mr,VET,P2,balaji_nagar,W13
विठ्ठलवाडीमध्ये रस्त्यावर खूप खड्डे पडले आहेत,mr,ROAD,P3,vitthalwadi,W11
बालाजीनगर इलाके में नई सड़क कुछ दिनों में उखड़ गई,hi,ROAD,P3,balaji_nagar,W13
वडगाव शेरी इलाके में लावारिस गाड़ियां खड़ी हैं,hi,ENCROACH,P4,wadgaon_sheri,W09
amchya area madhe kutryane chavla,rom,VET,P1,,
viman nagar area मध्ये public toilet खूप dirty आहे,mix,HEALTH,P3,viman_nagar,W09
खांबाला करंट येतो. लवकर कारवाई करा,mr,ELEC,P1,,
"विठ्ठलवाडी में रात में निर्माण का शोर होता है, तुरंत कार्रवाई करें",hi,BUILD,P4,vitthalwadi,W11
"येरवडा में बिजली का तार लटक रहा है, तुरंत कार्रवाई करें",hi,ELEC,P1,yerawada,W15
कर्वेनगरमध्ये रस्त्यावर बाजार भरतो,mr,ENCROACH,P3,karvenagar,W12
guruwar peth area मध्ये tanker पाठवा please,mix,WATER,P2,guruwar_peth,W02
ped gir gaya hai,rom,TREE,P1,,
चंदन नगर परिसरात भटक्या कुत्र्यांचा त्रास वाढला आहे,mr,VET,P3,chandan_nagar,W09
"एरंडवणा में नल में पानी नहीं आ रहा, कोई सुनवाई नहीं हो रही",hi,WATER,P2,erandwane,W08
आमच्या भागात दुभाजक तुटून सळ्या बाहेर आल्या आहेत,mr,ROAD,P2,,
कोरेगाव पार्क परिसरात बागेत गवत वाढले आहे,mr,TREE,P3,koregaon_park,W04
pisalela kutra firtoy,rom,VET,P1,,
"साडेसतरा नळीमध्ये डेंग्यूचे अनेक रुग्ण आढळले, तक्रार करूनही काही झाले नाही",mr,HEALTH,P1,sade_satra_nali,W05
कुत्ते ने बच्चे को काट लिया,hi,VET,P1,,
"sewage चे पाणी घरात येतंय, लवकर काहीतरी करा please",mix,DRAIN,P1,,
"कोथरुड मध्ये tree illegal तोडलं, लवकर काहीतरी करा please",mix,TREE,P3,kothrud,W08
"सहकारनगरमध्ये राडारोडा रस्त्याकडेला टाकला आहे, कृपया लवकर लक्ष द्या",mr,SWM,P3,sahakarnagar,W13
बिना अनुमति निर्माण हो रहा है,hi,BUILD,P3,,
"मगरपट्टामध्ये मॅनहोलचे झाकण तुटले आहे, नागरिक त्रस्त आहेत",mr,DRAIN,P1,magarpatta,W05
shaniwar peth मध्ये mosquito breeding होतंय साचलेल्या पाण्यात,mix,HEALTH,P3,shaniwar_peth,W06
Katraj la kachra gaadi aali nahi,rom,SWM,P3,katraj,W13
kondhwa area मध्ये कचऱ्याचा मोठा dump झालाय,mix,SWM,P3,kondhwa,W07
सांडपाणी घरात येत आहे. तक्रार करूनही काही झाले नाही,mr,DRAIN,P1,,
pani kami pressure ne yeta,rom,WATER,P3,,
मेलेले जनावर रस्त्यावर पडले आहे. कृपया लवकर लक्ष द्या,mr,VET,P2,,
नाल्यात कचरा अडकला आहे,mr,DRAIN,P3,,
Yerawada la khaddyamule accident zala,rom,ROAD,P2,yerawada,W15
"ताडीवाला रोड परिसरात पावसाचे पाणी साचते, निचरा होत नाही",mr,DRAIN,P2,tadiwala_road,W04
ड्रेनेज लाइन फुटली आहे. लवकर कारवाई करा,mr,DRAIN,P2,,
"debris रस्त्यावर टाकलाय, रोजचा problem झालाय",mix,SWM,P3,,
banner area मध्ये rabid dog फिरतोय,mix,VET,P1,baner,W01
टिंगरेनगर परिसरात दिव्याचा बल्ब फुटला आहे,mr,ELEC,P3,tingre_nagar,W15
बिबवेवाडी भागात उद्यानाची देखभाल होत नाही,mr,TREE,P4,bibwewadi,W03
Sb Road la nali jam hai,rom,DRAIN,P2,sb_road,W10
मॉडेल कॉलनी इलाके में रात में निर्माण का शोर होता है,hi,BUILD,P4,model_colony,W10
"वडगाव शेरीमध्ये दिव्याचा बल्ब फुटला आहे, लवकर कारवाई करा",mr,ELEC,P3,wadgaon_sheri,W09
नाना पेठ येथे जखमी जनावर रस्त्यावर पडले आहे,mr,VET,P2,nana_peth,W02
"manhole cover गायब आहे, complaint करूनही response नाही",mix,DRAIN,P1,,
"balaji nagar मध्ये रात्री पूर्ण dark असतं, लवकर काहीतरी करा please",mix,ELEC,P3,balaji_nagar,W13
"junya gadya padun ahet, complaint karun pan kahi zala nahi",rom,ENCROACH,P4,,
"deccan madhe tanker pathva pani nahi, lok trast ahet",rom,WATER,P2,deccan,W10
"street light flicker होतो, लवकर काहीतरी करा please",mix,ELEC,P4,,
विश्रांतवाडीमध्ये कचऱ्याचा ढीग साचला आहे,mr,SWM,P3,vishrantwadi,W15
जखमी जनावर रस्त्यावर पडले आहे. तक्रार करूनही काही झाले नाही,mr,VET,P2,,
"एफसी रोडमध्ये सार्वजनिक शौचालय घाण आहे, कोणीही दखल घेत नाही",mr,HEALTH,P3,fc_road,W10
"मॉडेल कॉलनीमध्ये कचरा गाडी आलेली नाही, कोणीही दखल घेत नाही",mr,SWM,P3,model_colony,W10
बानेरमध्ये परवानगीशिवाय झाड तोडले,mr,TREE,P3,baner,W01
"पद्मावतीमध्ये मोठ्या खड्ड्यामुळे दुचाकीचा अपघात झाला, नागरिक त्रस्त आहेत",mr,ROAD,P2,padmavati,W13
"सहकारनगर येथे जलवाहिनी फुटली आहे, पाणी वाया जात आहे",mr,WATER,P2,sahakarnagar,W13
"नाल्यावर अनधिकृत बांधकाम केले, तक्रार करूनही काही झाले नाही",mr,BUILD,P3,,
सदाशिव पेठ परिसरात नळाला पाणी आलेले नाही,mr,WATER,P2,sadashiv_peth,W06
"manhole cha zakan nahi, complaint karun pan kahi zala nahi",rom,DRAIN,P1,,
"कात्रजमध्ये वाळलेले झाड कधीही पडेल, लवकर कारवाई करा",mr,TREE,P1,katraj,W13
"फातिमानगरमध्ये झाडांची छाटणी करावी, लवकर कारवाई करा",mr,TREE,P4,fatima_nagar,W14
katraj la road che kaam ardhavat sodla ahe,rom,ROAD,P3,katraj,W13
Warje Malwadi madhe road che kaam ardhavat sodla ahe,rom,ROAD,P3,warje_malwadi,W12
ढोले पाटील रोडमध्ये पथदिवे बंद आहेत,mr,ELEC,P3,dhole_patil_road,W04
"कोथरूडमध्ये टँकर पाठवा, पिण्यासाठी पाणी नाही",mr,WATER,P2,kothrud,W08
awara kutte bahut hain,rom,VET,P3,,
नाना पेठ येथे पथदिवा सतत बंद-चालू होतो,mr,ELEC,P4,nana_peth,W02
धनकवडी येथे हातगाड्यांमुळे वाहतूक कोंडी होते,mr,ENCROACH,P3,dhankawadi,W13
मोकाट गायी रस्त्यात बसतात. कोणीही दखल घेत नाही,mr,VET,P3,,
"Kothrud madhe nali jam hai, lok trast ahet",rom,DRAIN,P2,kothrud,W08
"कल्याणी नगर येथे जलवाहिनी फुटली आहे, पाणी वाया जात आहे",mr,WATER,P2,kalyani_nagar,W09
आमच्या भागात पथदिवे बंद आहेत,mr,ELEC,P3,,
एनआयबीएम रोड भागात नळाला गढूळ पाणी येते,mr,WATER,P2,nibm_road,W07
ola suka kachra ekatra uchalta,rom,SWM,P4,,
आमच्या society जवळ chamber cover तुटलंय,mix,DRAIN,P1,,
"पाइपलाइन फट गई है, कृपया जल्दी ध्यान दें",hi,WATER,P2,,
"एरंडवणामध्ये रस्ता खचला आहे आणि मोठा खड्डा तयार झाला, कृपया लवकर लक्ष द्या",mr,ROAD,P2,erandwane,W08
झाड रस्त्यावर पडले आहे. लवकर कारवाई करा,mr,TREE,P1,,
ड्रेनेज तुंबले आहे,mr,DRAIN,P2,,
"कळस में पेड़ सड़क पर गिर गया है, कृपया जल्दी ध्यान दें",hi,TREE,P1,kalas,W15
हडपसर परिसरात कचऱ्याचा ढीग साचला आहे,mr,SWM,P3,hadapsar,W05
चंदन नगर में नल में गंदा पानी आ रहा है,hi,WATER,P2,chandan_nagar,W09
"mundhava मध्ये toilet मध्ये water नाही, रोजचा problem झालाय",mix,HEALTH,P3,mundhwa,W05
वारजे माळवाडी परिसरात डेंग्यूचे अनेक रुग्ण आढळले,mr,HEALTH,P1,warje_malwadi,W12
साळुंखे विहार येथे नवीन पथदिवे लावावेत,mr,ELEC,P4,salunke_vihar,W14
"बावधनमध्ये उघड्यावर अन्न विकले जाते, लवकर कारवाई करा",mr,HEALTH,P3,bavdhan,W08
कोरेगाव पार्क येथे खांबाला करंट येतो,mr,ELEC,P1,koregaon_park,W04
मगरपट्टा परिसरात बेवारस वाहने पडून आहेत,mr,ENCROACH,P4,magarpatta,W05
"avaidh nirman ho raha hai, lok trast ahet",rom,BUILD,P3,,
शिवाजीनगरमध्ये नळाला गढूळ पाणी येते,mr,WATER,P2,shivajinagar,W10
वानवडी भागात मॅनहोलचे झाकण तुटले आहे,mr,DRAIN,P1,wanowrie,W14
कल्याणी नगर में फॉगिंग नहीं हुई,hi,HEALTH,P3,kalyani_nagar,W09
"salisbury park मध्ये monkeys चा त्रास आहे, complaint करूनही response नाही",mix,VET,P3,salisbury_park,W03
कात्रजमध्ये उघड्यावर अन्न विकले जाते,mr,HEALTH,P3,katraj,W13
"tingre nagar मध्ये rats चा problem आहे, लवकर काहीतरी करा please",mix,HEALTH,P3,tingre_nagar,W15
गोखले नगर परिसरात गल्लीत एकही दिवा चालू नाही,mr,ELEC,P3,gokhalenagar,W10
आमच्या भागात पाणी कमी दाबाने येते,mr,WATER,P3,,
बानेर मध्ये कचऱ्याचा मोठा dump झालाय,mix,SWM,P3,baner,W01
khambala current yeto,rom,ELEC,P1,,
गणेश पेठमध्ये वाळलेले झाड कधीही पडेल,mr,TREE,P1,ganesh_peth,W02
पानी का टैंकर भेजिए,hi,WATER,P2,,
"राडारोडा रस्त्याकडेला टाकला आहे, लवकर कारवाई करा",mr,SWM,P3,,
बिना अनुमति पेड़ काटा गया। तुरंत कार्रवाई करें,hi,TREE,P3,,
"dog ने chavla, injection घ्यावं लागलं, please लवकर action घ्या",mix,VET,P1,,
आमच्या society जवळ road वर मोठे potholes आहेत,mix,ROAD,P3,,
मॉडेल कॉलनी परिसरात परवानगीशिवाय बांधकाम सुरू आहे,mr,BUILD,P3,model_colony,W10
Dhanori madhe illegal hoarding lavla ahe,rom,ENCROACH,P3,dhanori,W15
"Sade Satra Nali madhe gai rastyat bastat, please lavkar bagha",rom,VET,P3,sade_satra_nali,W05
हमारे इलाके में खंभे में करंट आ रहा है,hi,ELEC,P1,,
kalyani nagar la ghantagadi vel var yet nahi,rom,SWM,P3,kalyani_nagar,W09
मगरपट्टामध्ये गटार भरून वाहत आहे,mr,DRAIN,P2,magarpatta,W05
औंध येथे पेव्हर ब्लॉक निघाले आहेत,mr,ROAD,P3,aundh,W01
chandan nagar area मध्ये कचऱ्याचा मोठा dump झालाय,mix,SWM,P3,chandan_nagar,W09
"अप्पर इंदिरानगरमध्ये परवानगीशिवाय बांधकाम सुरू आहे, नागरिक त्रस्त आहेत",mr,BUILD,P3,upper_indiranagar,W03
"karve nagar madhe jhadacha motha bhag tutun lombakalto, complaint karun pan kahi zala nahi",rom,TREE,P1,karvenagar,W12
kotharud madhe pisalela kutra firtoy,rom,VET,P1,kothrud,W08
अप्पर इंदिरानगर भागात पेव्हर ब्लॉक निघाले आहेत,mr,ROAD,P3,upper_indiranagar,W03
बालाजी नगर परिसरात पिसाळलेला कुत्रा फिरत आहे,mr,VET,P1,balaji_nagar,W13
आमच्या society जवळ pothole मुळे accident झाला,mix,ROAD,P2,,
व्हॉल्व्ह गळत आहे. तक्रार करूनही काही झाले नाही,mr,WATER,P3,,
"येवलेवाडी में मच्छरों का बहुत आतंक है, कृपया जल्दी ध्यान दें",hi,HEALTH,P3,yewalewadi,W07
"kutryane chavla, please lavkar bagha",rom,VET,P1,,
हमारे इलाके में रात में निर्माण का शोर होता है,hi,BUILD,P4,,
डेक्कन परिसरात कचरा गाडी आलेली नाही,mr,SWM,P3,deccan,W10
public toilet ghan ahe,rom,HEALTH,P3,,
उद्यानाची देखभाल होत नाही. लवकर कारवाई करा,mr,TREE,P4,,
नाल्यात कचरा अडकला आहे. लवकर कारवाई करा,mr,DRAIN,P3,,
सड़क का काम अधूरा छोड़ दिया गया है,hi,ROAD,P3,,
एनआयबीएम रोड भागात झाडाच्या फांद्या तारांना लागतात,mr,TREE,P2,nibm_road,W07
sahakar nagar madhe navin nal connection milala nahi,rom,WATER,P4,sahakarnagar,W13
माणिकबाग इलाके में खंभे में करंट आ रहा है,hi,ELEC,P1,manikbaug,W11
खराडी परिसरात नळाला गढूळ पाणी येते,mr,WATER,P2,kharadi,W09
बेवारस वाहने पडून आहेत,mr,ENCROACH,P4,,
"धानोरीमध्ये रस्त्यावर अंधार असतो, दिवे लागत नाहीत",mr,ELEC,P3,dhanori,W15
"सूस रोडमध्ये सांडपाणी घरात येत आहे, कोणीही दखल घेत नाही",mr,DRAIN,P1,sus_road,W01
फुटपाथ तुटलेला आहे. तक्रार करूनही काही झाले नाही,mr,ROAD,P3,,
विठ्ठलवाडी येथे झाडांची छाटणी करावी,mr,TREE,P4,vitthalwadi,W11
Marketyard madhe footpath tutla ahe,rom,ROAD,P3,market_yard,W03
Senapati Bapat Road la sandpani gharat yetay,rom,DRAIN,P1,sb_road,W10
वारजे माळवाडी परिसरात रस्त्यावर बाजार भरतो,mr,ENCROACH,P3,warje_malwadi,W12
"सॅलिसबरी पार्क में पुरानी इमारत गिर सकती है, कोई सुनवाई नहीं हो रही",hi,BUILD,P1,salisbury_park,W03
amchya area madhe juni imarat kosalnyachya sthitit ahe,rom,BUILD,P1,,
"Bavadhan madhe navin nal connection milala nahi, lok trast ahet",rom,WATER,P4,bavdhan,W08
अनधिकृत टपऱ्या उभ्या आहेत,mr,ENCROACH,P3,,
कचरा गाड़ी समय पर नहीं आती। लोग परेशान हैं,hi,SWM,P3,,
"पथदिवे बंद आहेत, तक्रार करूनही काही झाले नाही",mr,ELEC,P3,,
yevlewadi area मध्ये permission शिवाय construction चालू आहे,mix,BUILD,P3,yewalewadi,W07
कोथरुड भागात कचऱ्याचा ढीग साचला आहे,mr,SWM,P3,kothrud,W08
बुधवार पेठमध्ये कचराकुंडी तुटली आहे,mr,SWM,P4,budhwar_peth,W06
सॅलिसबरी पार्क भागात इमारतीची भिंत पडायला आली आहे,mr,BUILD,P1,salisbury_park,W03
"rain water साचतंय, please लवकर action घ्या",mix,DRAIN,P2,,
amchya area madhe bandhkamachi dhul gharat yete,rom,BUILD,P3,,
नाना पेठ इलाके में मच्छरों का बहुत आतंक है,hi,HEALTH,P3,nana_peth,W02
parvangi shivay bandhkam chalu ahe,rom,BUILD,P3,,
manik baug मध्ये chamber cover तुटलंय,mix,DRAIN,P1,manikbaug,W11
"illegal hoarding lavla ahe, lok trast ahet",rom,ENCROACH,P3,,
धनकवडी इलाके में मच्छरों का बहुत आतंक है,hi,HEALTH,P3,dhankawadi,W13
विमान नगरमध्ये अनधिकृत होर्डिंग लावले आहे,mr,ENCROACH,P3,viman_nagar,W09
tree trimming करा,mix,TREE,P4,,
सड़क पर बड़े गड्ढे हैं,hi,ROAD,P3,,
divsa pan light chalu asto,rom,ELEC,P4,,
अनधिकृत मजला बांधला जात आहे,mr,BUILD,P3,,
मुंडवा येथे अनधिकृत मजला बांधला जात आहे,mr,BUILD,P3,mundhwa,W05
shop चा माल road वर ठेवतात,mix,ENCROACH,P3,,
येरवडा परिसरात धूरफवारणी झालेली नाही,mr,HEALTH,P3,yerawada,W15
"old building धोकादायक आहे, कधीही कोसळेल",mix,BUILD,P1,,
साळुंखे विहार येथे नाल्यावर अनधिकृत बांधकाम केले,mr,BUILD,P3,salunke_vihar,W14
Bibvewadi madhe malaria che cases ahet,rom,HEALTH,P2,bibwewadi,W03
डेक्कन येथे ड्रेनेज लाइन फुटली आहे,mr,DRAIN,P2,deccan,W10
दुकानदारांनी पत्र्याचे छत रस्त्यापर्यंत वाढवले आहे,mr,ENCROACH,P3,,
"झाड वाकलंय, पडेल असं वाटतं, complaint करूनही response नाही",mix,TREE,P1,,
कर्वे नगर में मच्छरों का बहुत आतंक है,hi,HEALTH,P3,karvenagar,W12
ताडीवाला रोड भागात कचराकुंडी तुटली आहे,mr,SWM,P4,tadiwala_road,W04
terrace वर illegal shed बांधलंय,mix,BUILD,P4,,
अवैध दुकानें लगी हैं,hi,ENCROACH,P3,,
हमारे इलाके में कूड़ेदान भर गया है,hi,SWM,P3,,
Baner madhe khaddyamule accident zala,rom,ROAD,P2,baner,W01
साडेसतरा नळी इलाके में अवैध मंज़िल बनाई जा रही है,hi,BUILD,P3,sade_satra_nali,W05
tadiwala road मध्ये rabid dog फिरतोय,mix,VET,P1,tadiwala_road,W04
गोखले नगर इलाके में पेड़ सड़क पर गिर गया है,hi,TREE,P1,gokhalenagar,W10
गुरुवार पेठ इलाके में बंदरों का उत्पात बढ़ गया है,hi,VET,P3,guruwar_peth,W02
कर्वे नगर भागात रस्त्यालगतचा जाहिरात फलक धोकादायकरीत्या झुकला आहे,mr,ENCROACH,P1,karvenagar,W12
yevlewadi madhe bhatki kutri khup ahet,rom,VET,P3,yewalewadi,W07
कोथरुड परिसरात अनधिकृत मजला बांधला जात आहे,mr,BUILD,P3,kothrud,W08
बालेवाडी भागात विजेची तार खांबावरून लोंबकळत आहे,mr,ELEC,P1,balewadi,W01
सड़क पर आवारा गायें बैठी रहती हैं,hi,VET,P3,,
"रामटेकडी मध्ये hoarding वाकलंय, पडू शकतं",mix,ENCROACH,P1,ramtekdi,W14
"आमच्या society जवळ old building धोकादायक आहे, कधीही कोसळेल",mix,BUILD,P1,,
पेड़ की डाल टूटकर लटक रही है,hi,TREE,P1,,
"फातिमानगरमध्ये पथदिव्याचा खांब वाकला आहे, कोणीही दखल घेत नाही",mr,ELEC,P2,fatima_nagar,W14
अप्पर इंदिरानगर परिसरात पथदिवे बंद आहेत,mr,ELEC,P3,upper_indiranagar,W03
खांबाला करंट येतो. कृपया लवकर लक्ष द्या,mr,ELEC,P1,,
मयूर कॉलनी येथे चेंबर रस्त्यापेक्षा उंच आहे,mr,DRAIN,P3,mayur_colony,W08
"पौड रोडमध्ये जुनी इमारत धोकादायक झाली आहे, भाग कोसळत आहे",mr,BUILD,P1,paud_road,W08
"kothrud madhe illegal hoarding lavla ahe, please lavkar bagha",rom,ENCROACH,P3,kothrud,W08
"thele walon ka kabza hai, complaint karun pan kahi zala nahi",rom,ENCROACH,P3,,
"khambala current yeto, lavkar action ghya",rom,ELEC,P1,,
"फर्ग्युसन रोडमध्ये हातगाड्यांमुळे वाहतूक कोंडी होते, तक्रार करूनही काही झाले नाही",mr,ENCROACH,P3,fc_road,W10
hingne madhe sandpani gharat yetay,rom,DRAIN,P1,hingne,W11
"gutter overflow होतोय, वास येतो, रोजचा problem झालाय",mix,DRAIN,P2,,
baner मध्ये illegal banner लावलेत,mix,ENCROACH,P3,baner,W01
आमच्या भागात चेंबर रस्त्यापेक्षा उंच आहे,mr,DRAIN,P3,,
"Mundhava madhe ratri bandhkamacha aavaj, complaint karun pan kahi zala nahi",rom,BUILD,P4,mundhwa,W05
"jhadanchi chhatni kara, complaint karun pan kahi zala nahi",rom,TREE,P4,,
एफसी रोड परिसरात नाल्यात कचरा अडकला आहे,mr,DRAIN,P3,fc_road,W10
"deccan madhe streetlight band ahe, lavkar action ghya",rom,ELEC,P3,deccan,W10
मुंढवा येथे विजेची तार खांबावरून लोंबकळत आहे,mr,ELEC,P1,mundhwa,W05
नारायण पेठ येथे नळाला गढूळ पाणी येते,mr,WATER,P2,narayan_peth,W06
"सुस रोडमध्ये मोठ्या खड्ड्यामुळे दुचाकीचा अपघात झाला, नागरिक त्रस्त आहेत",mr,ROAD,P2,sus_road,W01
सूस रोड येथे गतिरोधकावर पट्टे रंगवलेले नाहीत,mr,ROAD,P4,sus_road,W01
"कचरा जाळला जात आहे, धूर पसरतो",mr,SWM,P2,,
ओला सुका कचरा वेगळा उचलला जात नाही,mr,SWM,P4,,
"kalas madhe kooda nahi uthaya gaya, please lavkar bagha",rom,SWM,P3,kalas,W15
"सहकार नगरमध्ये जुनी इमारत धोकादायक झाली आहे, भाग कोसळत आहे",mr,BUILD,P1,sahakarnagar,W13
"bhatki kutri khup ahet, complaint karun pan kahi zala nahi",rom,VET,P3,,
वडगाव शेरी येथे घंटागाडी वेळेवर येत नाही,mr,SWM,P3,wadgaon_sheri,W09
"रात्री construction noise असतो, complaint करूनही response नाही",mix,BUILD,P4,,
सुस रोड परिसरात नाल्याची सफाई झालेली नाही,mr,DRAIN,P3,sus_road,W01
"ola suka kachra ekatra uchalta, lavkar action ghya",rom,SWM,P4,,
उघड्यावर अन्न विकले जाते,mr,HEALTH,P3,,
मुंढवा इलाके में डेंगू के कई मरीज़ मिले हैं,hi,HEALTH,P1,mundhwa,W05
tadiwala road area मध्ये dogs रात्रभर भुंकतात,mix,VET,P4,tadiwala_road,W04
"illegal stalls उभे आहेत, रोजचा problem झालाय",mix,ENCROACH,P3,,
dirty पाणी येतंय नळाला,mix,WATER,P2,,
"बुधवार पेठ येथे जलवाहिनी फुटली आहे, पाणी वाया जात आहे",mr,WATER,P2,budhwar_peth,W06
एरंडवणा इलाके में खंभे में करंट आ रहा है,hi,ELEC,P1,erandwane,W08
हमारे इलाके में पाइपलाइन फट गई है,hi,WATER,P2,,
टिंगरेनगर इलाके में लावारिस गाड़ियां खड़ी हैं,hi,ENCROACH,P4,tingre_nagar,W15
"बालेवाडीमध्ये गटार उघडे आहे, दुर्गंधी येते",mr,DRAIN,P3,balewadi,W01
"कौसरबागमध्ये मॅनहोलचे झाकण तुटले आहे, कृपया लवकर लक्ष द्या",mr,DRAIN,P1,kausar_baug,W07
anadhikrut tapri ahet,rom,ENCROACH,P3,,
डुकरांचा वावर वाढला आहे,mr,VET,P3,,
मोकाट गायी रस्त्यात बसतात. तक्रार करूनही काही झाले नाही,mr,VET,P3,,
आमच्या society जवळ toilet मध्ये water नाही,mix,HEALTH,P3,,
kutryane chavla,rom,VET,P1,,
सहकार नगर area मध्ये street light flicker होतो,mix,ELEC,P4,sahakarnagar,W13
"शिवाजी नगर मध्ये road चे काम अर्धवट सोडलंय, रोजचा problem झालाय",mix,ROAD,P3,shivajinagar,W10
Oundh la tanker pathva pani nahi,rom,WATER,P2,aundh,W01
मॉडेल कॉलनी में सीवर का पानी घर में आ रहा है,hi,DRAIN,P1,model_colony,W10
आमच्या भागात रस्त्यावर बाजार भरतो,mr,ENCROACH,P3,,
wire खांबावरून लटकतेय,mix,ELEC,P1,,
पाषाण area मध्ये fogging करा please,mix,HEALTH,P3,pashan,W01
विजेची तार खांबावरून लोंबकळत आहे. लवकर कारवाई करा,mr,ELEC,P1,,
pipeline futli ahe,rom,WATER,P2,,
निर्माण की धूल घर में आती है,hi,BUILD,P3,,
wanwadi area मध्ये wire खांबावरून लटकतेय,mix,ELEC,P1,wanowrie,W14
senapati bapat road मध्ये paver blocks निघाले आहेत,mix,ROAD,P3,sb_road,W10
कसबा पेठ भागात दिवसाही पथदिवे चालू असतात,mr,ELEC,P4,kasba_peth,W06
येरवडा में कूड़ा नहीं उठाया गया,hi,SWM,P3,yerawada,W15
पाषाण भागात हातगाड्यांमुळे वाहतूक कोंडी होते,mr,ENCROACH,P3,pashan,W01
"pole ला current आहे, complaint करूनही response नाही",mix,ELEC,P1,,
धनकवडी भागात साचलेल्या पाण्यात डासांच्या अळ्या आहेत,mr,HEALTH,P3,dhankawadi,W13
road चे काम अर्धवट सोडलंय,mix,ROAD,P3,,
एनआयबीएम रोड भागात गतिरोधकावर पट्टे रंगवलेले नाहीत,mr,ROAD,P4,nibm_road,W07
"शिवणेमध्ये मोकाट गायी रस्त्यात बसतात, कोणीही दखल घेत नाही",mr,VET,P3,shivane,W12
आमच्या भागात झाडांची छाटणी करावी,mr,TREE,P4,,
येवलेवाडीमध्ये दिव्याचा बल्ब फुटला आहे,mr,ELEC,P3,yewalewadi,W07
बानेर भागात मलेरियाचे रुग्ण वाढत आहेत,mr,HEALTH,P2,baner,W01
"चंदन नगर परिसरात रस्त्यावर अंधार असतो, दिवे लागत नाहीत",mr,ELEC,P3,chandan_nagar,W09
मुंढवा भागात अनधिकृत मजला बांधला जात आहे,mr,BUILD,P3,mundhwa,W05
बावधनमध्ये बांधकामाची धूळ घरात येते,mr,BUILD,P3,bavdhan,W08
amchya area madhe awara kutte bahut hain,rom,VET,P3,,
अवैध मंज़िल बनाई जा रही है,hi,BUILD,P3,,
खराडी इलाके में कुत्ते ने बच्चे को काट लिया,hi,VET,P1,kharadi,W09
टिंगरेनगर में फुटपाथ टूटा हुआ है,hi,ROAD,P3,tingre_nagar,W15
मगरपट्टा इलाके में बगीचे की देखभाल नहीं होती,hi,TREE,P4,magarpatta,W05
"बंदरों का उत्पात बढ़ गया है, कृपया जल्दी ध्यान दें",hi,VET,P3,,
amchya area madhe nalala pani aala nahi,rom,WATER,P2,,
amchya area madhe gutter overflow hot ahe,rom,DRAIN,P2,,
कौसरबाग परिसरात दिव्याचा बल्ब फुटला आहे,mr,ELEC,P3,kausar_baug,W07
kachra kundi bharleli ahe,rom,SWM,P3,,
सदाशिव पेठ भागात पथदिवा सतत बंद-चालू होतो,mr,ELEC,P4,sadashiv_peth,W06
gai rastyat bastat,rom,VET,P3,,
"illegal floor बांधतायत, please लवकर action घ्या",mix,BUILD,P3,,
धनकवडी में लावारिस गाड़ियां खड़ी हैं,hi,ENCROACH,P4,dhankawadi,W13
मुंडवा येथे सांडपाणी घरात येत आहे,mr,DRAIN,P1,mundhwa,W05
गटर का पानी सड़क पर बह रहा है,hi,DRAIN,P2,,
शिवाजी नगर येथे कावीळीची साथ पसरली आहे,mr,HEALTH,P1,shivajinagar,W10
कौसरबाग मध्ये कचऱ्याचा मोठा dump झालाय,mix,SWM,P3,kausar_baug,W07
kachra gaadi aali nahi,rom,SWM,P3,,
हमारे इलाके में बिना अनुमति पेड़ काटा गया,hi,TREE,P3,,
"rats चा problem आहे, please लवकर action घ्या",mix,HEALTH,P3,,
"bibwewadi मध्ये park ची maintenance नाही, लवकर काहीतरी करा please",mix,TREE,P4,bibwewadi,W03
गणेश पेठ भागात मोकाट गायी रस्त्यात बसतात,mr,VET,P3,ganesh_peth,W02
"चंदननगर येथे पावसाचे पाणी साचते, निचरा होत नाही",mr,DRAIN,P2,chandan_nagar,W09
street light band hai,rom,ELEC,P3,,
शौचालयात पाणी नाही. नागरिक त्रस्त आहेत,mr,HEALTH,P3,,
ताडीवाला रोडमध्ये झाड रस्त्यावर पडले आहे,mr,TREE,P1,tadiwala_road,W04
"Market Yard madhe pani kami pressure ne yeta, lavkar action ghya",rom,WATER,P3,market_yard,W03
Kalyani Nagar madhe footpath var feriwale basun jaga ghetat,rom,ENCROACH,P3,kalyani_nagar,W09
dhankavadi madhe makadancha tras ahe,rom,VET,P3,dhankawadi,W13
kothrud मध्ये shop चा माल road वर ठेवतात,mix,ENCROACH,P3,kothrud,W08
वडगाव बुद्रुक भागात झाडांची छाटणी करावी,mr,TREE,P4,vadgaon_budruk,W11
पौड रोड परिसरात अनधिकृत होर्डिंग लावले आहे,mr,ENCROACH,P3,paud_road,W08
hatgadyamule traffic hota,rom,ENCROACH,P3,,
"valve leak होतोय, रोजचा problem झालाय",mix,WATER,P3,,
सहकार नगरमध्ये मलेरियाचे रुग्ण वाढत आहेत,mr,HEALTH,P2,sahakarnagar,W13
आवारा कुत्तों का आतंक है। कृपया जल्दी ध्यान दें,hi,VET,P3,,
मगरपट्टा येथे भटक्या कुत्र्यांचा त्रास वाढला आहे,mr,VET,P3,magarpatta,W05
"कोंढवामध्ये नवीन पथदिवे लावावेत, नागरिक त्रस्त आहेत",mr,ELEC,P4,kondhwa,W07
"avaidh nirman ho raha hai, lavkar action ghya",rom,BUILD,P3,,
"vitthalwadi madhe jhadanchi chhatni kara, complaint karun pan kahi zala nahi",rom,TREE,P4,vitthalwadi,W11
आमच्या भागात हातगाड्यांमुळे वाहतूक कोंडी होते,mr,ENCROACH,P3,,
गोखले नगर भागात सार्वजनिक शौचालय घाण आहे,mr,HEALTH,P3,gokhalenagar,W10
अप्पर इंदिरानगर परिसरात कावीळीची साथ पसरली आहे,mr,HEALTH,P1,upper_indiranagar,W03
"टिंबर मार्केटमध्ये रात्रभर कुत्री भुंकतात, नागरिक त्रस्त आहेत",mr,VET,P4,timber_market,W02
साडेसतरा नळी परिसरात इमारतीची भिंत पडायला आली आहे,mr,BUILD,P1,sade_satra_nali,W05
धनकवडी परिसरात बांधकामाची धूळ घरात येते,mr,BUILD,P3,dhankawadi,W13
"पौड रोड में फॉगिंग नहीं हुई, कृपया जल्दी ध्यान दें",hi,HEALTH,P3,paud_road,W08
Upper Indiranagar madhe sandpani gharat yetay,rom,DRAIN,P1,upper_indiranagar,W03
कात्रज परिसरात दुकानदारांनी पत्र्याचे छत रस्त्यापर्यंत वाढवले आहे,mr,ENCROACH,P3,katraj,W13
रस्त्यालगतचा जाहिरात फलक धोकादायकरीत्या झुकला आहे. तक्रार करूनही काही झाले नाही,mr,ENCROACH,P1,,
ढोले पाटील रोड येथे चेंबर रस्त्यापेक्षा उंच आहे,mr,DRAIN,P3,dhole_patil_road,W04
रात्रभर कुत्री भुंकतात,mr,VET,P4,,
Karvenagar la illegal majla bandhla,rom,BUILD,P3,karvenagar,W12
wanwadi madhe drainage tumbla ahe,rom,DRAIN,P2,wanowrie,W14
pune station मध्ये water supply बंद आहे,mix,WATER,P2,pune_station,W04
कल्याणी नगर में बिजली का तार लटक रहा है,hi,ELEC,P1,kalyani_nagar,W09
ताडीवाला रोडमध्ये बांधकामाच्या ठिकाणी सुरक्षा जाळी नाही,mr,BUILD,P2,tadiwala_road,W04
"chamber cover तुटलंय, please लवकर action घ्या",mix,DRAIN,P1,,
आमच्या भागात रस्त्याचे काम अर्धवट सोडले आहे,mr,ROAD,P3,,
टिंगरेनगर area मध्ये रात्री construction noise असतो,mix,BUILD,P4,tingre_nagar,W15
नाल्यावर अनधिकृत बांधकाम केले,mr,BUILD,P3,,
"कोथरूड येथे जलवाहिनी फुटली आहे, पाणी वाया जात आहे",mr,WATER,P2,kothrud,W08
kooda nahi uthaya gaya,rom,SWM,P3,,
विश्रांतवाडी भागात कुत्र्यांची नसबंदी करावी,mr,VET,P4,vishrantwadi,W15
डेक्कन भागात नळाला पाणी आलेले नाही,mr,WATER,P2,deccan,W10
"dukandarane rastyavar saman thevla, lok trast ahet",rom,ENCROACH,P3,,
Bhawani Peth madhe divsa pan light chalu asto,rom,ELEC,P4,bhavani_peth,W02
दुकानदारांनी रस्त्यावर माल ठेवला आहे,mr,ENCROACH,P3,,
"machhar bahut hain, lavkar action ghya",rom,HEALTH,P3,,
सीवर का पानी घर में आ रहा है। लोग परेशान हैं,hi,DRAIN,P1,,
road खोदून तसाच सोडलाय,mix,ROAD,P3,,
कुत्र्यांची नसबंदी करावी,mr,VET,P4,,
"चंदन नगर में लावारिस गाड़ियां खड़ी हैं, तुरंत कार्रवाई करें",hi,ENCROACH,P4,chandan_nagar,W09
अवैध होर्डिंग लगा है,hi,ENCROACH,P3,,
वानवडी येथे व्हॉल्व्ह गळत आहे,mr,WATER,P3,wanowrie,W14
मोकाट गायी रस्त्यात बसतात,mr,VET,P3,,
ड्रेनेज लाइन फुटली आहे,mr,DRAIN,P2,,
lights दिवसा चालू असतात,mix,ELEC,P4,,
सहकारनगर area मध्ये valve leak होतोय,mix,WATER,P3,sahakarnagar,W13
वडगाव बुद्रुक इलाके में कुत्ते ने बच्चे को काट लिया,hi,VET,P1,vadgaon_budruk,W11
सदाशिव पेठ भागात दुकानदारांनी पत्र्याचे छत रस्त्यापर्यंत वाढवले आहे,mr,ENCROACH,P3,sadashiv_peth,W06
शिवाजी नगर भागात दिवसाही पथदिवे चालू असतात,mr,ELEC,P4,shivajinagar,W10
आमच्या भागात विजेची तार खांबावरून लोंबकळत आहे,mr,ELEC,P1,,
abandoned vehicles पडून आहेत,mix,ENCROACH,P4,,
सहकार नगर इलाके में सार्वजनिक शौचालय गंदा है,hi,HEALTH,P3,sahakarnagar,W13
Kasba Peth madhe bhatki kutri khup ahet,rom,VET,P3,kasba_peth,W06
kalas मध्ये रात्री पूर्ण dark असतं,mix,ELEC,P3,kalas,W15
गच्चीवर बेकायदा शेड बांधली,mr,BUILD,P4,,
पौड रोड येथे वाळलेले झाड कधीही पडेल,mr,TREE,P1,paud_road,W08
"कुत्र्यांची नसबंदी करावी, लवकर कारवाई करा",mr,VET,P4,,
आमच्या society जवळ hawkers नी footpath block केलाय,mix,ENCROACH,P3,,
आमच्या भागात इमारतीची भिंत पडायला आली आहे,mr,BUILD,P1,,
भवानी पेठ भागात फक्त थोडा वेळ पाणी येते,mr,WATER,P3,bhavani_peth,W02
सॅलिसबरी पार्क भागात माकडांचा उपद्रव वाढला आहे,mr,VET,P3,salisbury_park,W03
फातिमानगर परिसरात लोक उघड्यावर कचरा टाकतात,mr,SWM,P3,fatima_nagar,W14
ढोले पाटील रोड मध्ये dirty पाणी येतंय नळाला,mix,WATER,P2,dhole_patil_road,W04
गुलटेकडी भागात बेवारस वाहने पडून आहेत,mr,ENCROACH,P4,gultekdi,W03
एनआयबीएम रोड में नल में पानी नहीं आ रहा,hi,WATER,P2,nibm_road,W07
permission शिवाय construction चालू आहे,mix,BUILD,P3,,
"senapati bapat road madhe hatgadyamule traffic hota, complaint karun pan kahi zala nahi",rom,ENCROACH,P3,sb_road,W10
Pune Station la kachra gaadi aali nahi,rom,SWM,P3,pune_station,W04
नळाला गढूळ पाणी येते,mr,WATER,P2,,
"सार्वजनिक जागेवर कब्जा केला आहे, नागरिक त्रस्त आहेत",mr,ENCROACH,P3,,
"jhadacha motha bhag tutun lombakalto, lok trast ahet",rom,TREE,P1,,
"फुटपाथ टूटा हुआ है, कृपया जल्दी ध्यान दें",hi,ROAD,P3,,
"सदाशिव पेठमध्ये सार्वजनिक जागेवर कब्जा केला आहे, कोणीही दखल घेत नाही",mr,ENCROACH,P3,sadashiv_peth,W06
हमारे इलाके में बिजली का तार लटक रहा है,hi,ELEC,P1,,
"jhad rastyavar padla ahe, lavkar action ghya",rom,TREE,P1,,
budhwar peth madhe nal mein pani nahi aa raha,rom,WATER,P2,budhwar_peth,W06
balaji nagar मध्ये speed breaker ला marking नाही,mix,ROAD,P4,balaji_nagar,W13
डुकरांचा वावर वाढला आहे. तक्रार करूनही काही झाले नाही,mr,VET,P3,,
"गोखलेनगर इलाके में रात को अंधेरा रहता है, लाइट नहीं जलती",hi,ELEC,P3,gokhalenagar,W10
दिन में भी लाइट जलती रहती है,hi,ELEC,P4,,
"सार्वजनिक जागेवर कब्जा केला आहे, लवकर कारवाई करा",mr,ENCROACH,P3,,
आमच्या भागात अनधिकृत टपऱ्या उभ्या आहेत,mr,ENCROACH,P3,,
"lights दिवसा चालू असतात, complaint करूनही response नाही",mix,ELEC,P4,,
"नई सड़क कुछ दिनों में उखड़ गई, कृपया जल्दी ध्यान दें",hi,ROAD,P3,,
कर्वे नगरमध्ये पाणी कमी दाबाने येते,mr,WATER,P3,karvenagar,W12
बंदरों का उत्पात बढ़ गया है। तुरंत कार्रवाई करें,hi,VET,P3,,
"ढोले पाटील रोड परिसरात जलवाहिनी फुटली आहे, पाणी वाया जात आहे",mr,WATER,P2,dhole_patil_road,W04
हमारे इलाके में अवैध मंज़िल बनाई जा रही है,hi,BUILD,P3,,
नाल्यावर अनधिकृत बांधकाम केले. लवकर कारवाई करा,mr,BUILD,P3,,
नाना पेठ भागात मलेरियाचे रुग्ण वाढत आहेत,mr,HEALTH,P2,nana_peth,W02
Nibm la nalala pani aala nahi,rom,WATER,P2,nibm_road,W07
आमच्या भागात फक्त थोडा वेळ पाणी येते,mr,WATER,P3,,
"bandhkamachi dhul gharat yete, please lavkar bagha",rom,BUILD,P3,,
बाजारातील कचरा उचलला जात नाही,mr,SWM,P3,,
उद्यानातील खेळणी तुटली आहेत. कृपया लवकर लक्ष द्या,mr,TREE,P4,,
फर्ग्युसन रोड येथे झाडाची फांदी तुटून लोंबकळत आहे,mr,TREE,P1,fc_road,W10
फातिमानगर में फॉगिंग नहीं हुई,hi,HEALTH,P3,fatima_nagar,W14
"oundh madhe gadhul pani yeta nalala, lok trast ahet",rom,WATER,P2,aundh,W01
amchya area madhe dengue che rugn vadhle,rom,HEALTH,P1,,
"शिवाजी नगर भागात जुनी इमारत धोकादायक झाली आहे, भाग कोसळत आहे",mr,BUILD,P1,shivajinagar,W10
कोंढवा में आवारा कुत्तों का आतंक है,hi,VET,P3,kondhwa,W07
"monkeys चा त्रास आहे, लवकर काहीतरी करा please",mix,VET,P3,,
kalas area मध्ये garden मध्ये swings तुटलेत,mix,TREE,P4,kalas,W15
"fogging zali nahi, complaint karun pan kahi zala nahi",rom,HEALTH,P3,,
"bhint padayla ali ahe, lavkar action ghya",rom,BUILD,P1,,
फातिमा नगर परिसरात झाडाची फांदी तुटून लोंबकळत आहे,mr,TREE,P1,fatima_nagar,W14
"dhanori मध्ये nala cleaning झाली नाही, लवकर काहीतरी करा please",mix,DRAIN,P3,dhanori,W15
शिवाजी नगरमध्ये डांबरीकरणानंतर लगेच रस्ता उखडला,mr,ROAD,P3,shivajinagar,W10
कोरेगाव पार्क भागात दुकानदारांनी रस्त्यावर माल ठेवला आहे,mr,ENCROACH,P3,koregaon_park,W04
सूस रोड इलाके में सड़क पर सामान रखकर रास्ता रोका है,hi,ENCROACH,P3,sus_road,W01
येरवडा भागात उघड्यावर अन्न विकले जाते,mr,HEALTH,P3,yerawada,W15
रामटेकडीमध्ये राडारोडा रस्त्याकडेला टाकला आहे,mr,SWM,P3,ramtekdi,W14
narayan peth area मध्ये valve leak होतोय,mix,WATER,P3,narayan_peth,W06
चंदननगर area मध्ये dogs रात्रभर भुंकतात,mix,VET,P4,chandan_nagar,W09
गतिरोधकावर पट्टे रंगवलेले नाहीत,mr,ROAD,P4,,
"machhar bahut hain, please lavkar bagha",rom,HEALTH,P3,,
Bibvewadi la bhint padayla ali ahe,rom,BUILD,P1,bibwewadi,W03
मगरपट्टा येथे धूरफवारणी झालेली नाही,mr,HEALTH,P3,magarpatta,W05
कर्वे नगर परिसरात पथदिवे बंद आहेत,mr,ELEC,P3,karvenagar,W12
एरंडवणेमध्ये नाल्यावर अनधिकृत बांधकाम केले,mr,BUILD,P3,erandwane,W08
"rasta khodun tasach sodla ahe, lok trast ahet",rom,ROAD,P3,,
कल्याणी नगर परिसरात झाडांची छाटणी करावी,mr,TREE,P4,kalyani_nagar,W09
कळस येथे झाड रस्त्यावर पडले आहे,mr,TREE,P1,kalas,W15
रामटेकडी येथे बाजारातील कचरा उचलला जात नाही,mr,SWM,P3,ramtekdi,W14
balaji nagar area मध्ये tree illegal तोडलं,mix,TREE,P3,balaji_nagar,W13
"कात्रज में आवारा कुत्तों का आतंक है, कृपया जल्दी ध्यान दें",hi,VET,P3,katraj,W13
आमच्या भागात डासांचा खूप त्रास आहे,mr,HEALTH,P3,,
कचऱ्याचा ढीग साचला आहे,mr,SWM,P3,,
फर्ग्युसन रोड area मध्ये park ची maintenance नाही,mix,TREE,P4,fc_road,W10
"कचरा जाळला जात आहे, धूर पसरतो. नागरिक त्रस्त आहेत",mr,SWM,P2,,
रामटेकडी इलाके में सड़क का काम अधूरा छोड़ दिया गया है,hi,ROAD,P3,ramtekdi,W14
"पुणे स्टेशनमध्ये गच्चीवर बेकायदा शेड बांधली, तक्रार करूनही काही झाले नाही",mr,BUILD,P4,pune_station,W04
"jhad parvangi shivay todla, complaint karun pan kahi zala nahi",rom,TREE,P3,,
"कूड़ा नहीं उठाया गया, कृपया जल्दी ध्यान दें",hi,SWM,P3,,
सूस रोडमध्ये वाळलेले झाड कधीही पडेल,mr,TREE,P1,sus_road,W01
हमारे इलाके में पैदल रास्ते पर रेहड़ी वालों ने जगह घेर ली है,hi,ENCROACH,P3,,
"वडगाव शेरीमध्ये दुभाजक तुटून सळ्या बाहेर आल्या आहेत, कोणीही दखल घेत नाही",mr,ROAD,P2,wadgaon_sheri,W09
औंध येथे वाळलेले झाड कधीही पडेल,mr,TREE,P1,aundh,W01
Upper Indira Nagar madhe ratri bandhkamacha aavaj,rom,BUILD,P4,upper_indiranagar,W03
हमारे इलाके में निर्माण की धूल घर में आती है,hi,BUILD,P3,,
विजेची तार खांबावरून लोंबकळत आहे,mr,ELEC,P1,,
"ganesh peth मध्ये झाड वाकलंय, पडेल असं वाटतं",mix,TREE,P1,ganesh_peth,W02
हडपसर में सार्वजनिक शौचालय गंदा है,hi,HEALTH,P3,hadapsar,W05
आमच्या society जवळ tanker पाठवा please,mix,WATER,P2,,
road वर मोठे potholes आहेत,mix,ROAD,P3,,
मैनहोल का ढक्कन गायब है,hi,DRAIN,P1,,
"गोखलेनगरमध्ये व्हॉल्व्ह गळत आहे, लवकर कारवाई करा",mr,WATER,P3,gokhalenagar,W10
हडपसरमध्ये नाल्याची सफाई झालेली नाही,mr,DRAIN,P3,hadapsar,W05
"विमान नगरमध्ये मलेरियाचे रुग्ण वाढत आहेत, कोणीही दखल घेत नाही",mr,HEALTH,P2,viman_nagar,W09
धनकवडी में पार्क के झूले टूटे हैं,hi,TREE,P4,dhankawadi,W13
"सूस रोड में नल में गंदा पानी आ रहा है, तुरंत कार्रवाई करें",hi,WATER,P2,sus_road,W01
बाणेरमध्ये कचराकुंडी भरून वाहत आहे,mr,SWM,P3,baner,W01
"पाषाणमध्ये राडारोडा रस्त्याकडेला टाकला आहे, लवकर कारवाई करा",mr,SWM,P3,pashan,W01
Senapati Bapat Road madhe gadhul pani yeta nalala,rom,WATER,P2,sb_road,W10
आमच्या society जवळ lights दिवसा चालू असतात,mix,ELEC,P4,,
"kooda nahi uthaya gaya, lavkar action ghya",rom,SWM,P3,,
टिंगरेनगर भागात माकडांचा उपद्रव वाढला आहे,mr,VET,P3,tingre_nagar,W15
"रस्त्यावर अंधार असतो, दिवे लागत नाहीत",mr,ELEC,P3,,
"nibm मध्ये footpath वर encroachment आहे, लवकर काहीतरी करा please",mix,ENCROACH,P3,nibm_road,W07
हिंगणे भागात रस्त्यावर खूप खड्डे पडले आहेत,mr,ROAD,P3,hingne,W11
"एफसी रोड में पार्क के झूले टूटे हैं, कोई सुनवाई नहीं हो रही",hi,TREE,P4,fc_road,W10
"गोखलेनगरमध्ये फुटपाथ तुटलेला आहे, कृपया लवकर लक्ष द्या",mr,ROAD,P3,gokhalenagar,W10
आमच्या society जवळ garden मध्ये swings तुटलेत,mix,TREE,P4,,
येरवडा येथे पथदिवा सतत बंद-चालू होतो,mr,ELEC,P4,yerawada,W15
"बाणेर में रात को अंधेरा रहता है, लाइट नहीं जलती",hi,ELEC,P3,baner,W01
"एसबी रोडमध्ये चेंबर रस्त्यापेक्षा उंच आहे, तक्रार करूनही काही झाले नाही",mr,DRAIN,P3,sb_road,W10
भवानी पेठ इलाके में पानी का टैंकर भेजिए,hi,WATER,P2,bhavani_peth,W02
वडगाव बुद्रुक मध्ये water timing रोज बदलते,mix,WATER,P4,vadgaon_budruk,W11
"bibwewadi madhe gadhul pani yeta nalala, lavkar action ghya",rom,WATER,P2,bibwewadi,W03
"khambala current yeto, please lavkar bagha",rom,ELEC,P1,,
खंभे में करंट आ रहा है,hi,ELEC,P1,,
बुधवार पेठमध्ये डांबरीकरणानंतर लगेच रस्ता उखडला,mr,ROAD,P3,budhwar_peth,W06
"streetlight band ahe, complaint karun pan kahi zala nahi",rom,ELEC,P3,,
"salisbury park madhe garden madhe khelni tutli, complaint karun pan kahi zala nahi",rom,TREE,P4,salisbury_park,W03
"अनधिकृत मजला बांधला जात आहे, तक्रार करूनही काही झाले नाही",mr,BUILD,P3,,
Marketyard madhe nal mein pani nahi aa raha,rom,WATER,P2,market_yard,W03
आमच्या भागात लोक उघड्यावर कचरा टाकतात,mr,SWM,P3,,
ढोले पाटील रोड परिसरात दुकानदारांनी पत्र्याचे छत रस्त्यापर्यंत वाढवले आहे,mr,ENCROACH,P3,dhole_patil_road,W04
हमारे इलाके में मच्छरों का बहुत आतंक है,hi,HEALTH,P3,,
ताडीवाला रोड परिसरात रस्ता खोदून परत बुजवला नाही,mr,ROAD,P3,tadiwala_road,W04
tingre nagar area मध्ये illegal floor बांधतायत,mix,BUILD,P3,tingre_nagar,W15
गल्लीत एकही दिवा चालू नाही,mr,ELEC,P3,,
"सिंहगड रोडमध्ये ओला सुका कचरा वेगळा उचलला जात नाही, तक्रार करूनही काही झाले नाही",mr,SWM,P4,sinhagad_road,W11
वडगाव बुद्रुक येथे रस्त्यावर खूप खड्डे पडले आहेत,mr,ROAD,P3,vadgaon_budruk,W11
water supply बंद आहे,mix,WATER,P2,,
आमच्या भागात कचरा गाडी आलेली नाही,mr,SWM,P3,,
Hingne la kooda nahi uthaya gaya,rom,SWM,P3,hingne,W11
पौड रोड भागात चेंबर रस्त्यापेक्षा उंच आहे,mr,DRAIN,P3,paud_road,W08
मच्छरों का बहुत आतंक है। लोग परेशान हैं,hi,HEALTH,P3,,
कसबा पेठमध्ये उंदरांचा उपद्रव वाढला आहे,mr,HEALTH,P3,kasba_peth,W06
माणिकबाग area मध्ये public toilet खूप dirty आहे,mix,HEALTH,P3,manikbaug,W11
फातिमा नगर येथे फुटपाथ तुटलेला आहे,mr,ROAD,P3,fatima_nagar,W14
पार्क के झूले टूटे हैं। तुरंत कार्रवाई करें,hi,TREE,P4,,
pune station la hatgadyamule traffic hota,rom,ENCROACH,P3,pune_station,W04
आमच्या भागात नवीन पथदिवे लावावेत,mr,ELEC,P4,,
हमारे इलाके में नई सड़क कुछ दिनों में उखड़ गई,hi,ROAD,P3,,
hawkers नी footpath block केलाय,mix,ENCROACH,P3,,
चूहों की समस्या बढ़ गई है। तुरंत कार्रवाई करें,hi,HEALTH,P3,,
"सूस रोड में मच्छरों का बहुत आतंक है, कृपया जल्दी ध्यान दें",hi,HEALTH,P3,sus_road,W01
"विश्रांतवाडी भागात पावसाचे पाणी साचते, निचरा होत नाही",mr,DRAIN,P2,vishrantwadi,W15
"bibvewadi madhe junya gadya padun ahet, complaint karun pan kahi zala nahi",rom,ENCROACH,P4,bibwewadi,W03
कोरेगाव पार्क भागात उद्यानातील खेळणी तुटली आहेत,mr,TREE,P4,koregaon_park,W04
हमारे इलाके में दिन में भी लाइट जलती रहती है,hi,ELEC,P4,,
कुत्र्याने मुलाला चावा घेतला. नागरिक त्रस्त आहेत,mr,VET,P1,,
karve nagar area मध्ये rain water साचतंय,mix,DRAIN,P2,karvenagar,W12
road che kaam ardhavat sodla ahe,rom,ROAD,P3,,
वडगाव बुद्रुकमध्ये नाल्याची सफाई झालेली नाही,mr,DRAIN,P3,vadgaon_budruk,W11
कोथरूड परिसरात दिवसाही पथदिवे चालू असतात,mr,ELEC,P4,kothrud,W08
sandpani gharat yetay,rom,DRAIN,P1,,
Kondhava madhe parvangi shivay bandhkam chalu ahe,rom,BUILD,P3,kondhwa,W07
"शौचालयात पाणी नाही, लवकर कारवाई करा",mr,HEALTH,P3,,
"मगरपट्टामध्ये बागेत गवत वाढले आहे, कृपया लवकर लक्ष द्या",mr,TREE,P3,magarpatta,W05
"एसबी रोडमध्ये कचऱ्याचा ढीग साचला आहे, तक्रार करूनही काही झाले नाही",mr,SWM,P3,sb_road,W10
फुटपाथ टूटा हुआ है,hi,ROAD,P3,,
नवीन नळजोडणी झालेली नाही,mr,WATER,P4,,
"Yerwada madhe garden madhe khelni tutli, please lavkar bagha",rom,TREE,P4,yerawada,W15
मयूर कॉलनी भागात शौचालयात पाणी नाही,mr,HEALTH,P3,mayur_colony,W08
navin nal connection milala nahi,rom,WATER,P4,,
Gokhale Nagar madhe ratri andhar asto,rom,ELEC,P3,gokhalenagar,W10
"shop चा माल road वर ठेवतात, please लवकर action घ्या",mix,ENCROACH,P3,,
रस्ता खोदून परत बुजवला नाही. नागरिक त्रस्त आहेत,mr,ROAD,P3,,
येरवडामध्ये भटक्या कुत्र्यांचा त्रास वाढला आहे,mr,VET,P3,yerawada,W15
रात्रभर कुत्री भुंकतात. तक्रार करूनही काही झाले नाही,mr,VET,P4,,
"undir khup zale ahet, complaint karun pan kahi zala nahi",rom,HEALTH,P3,,
साळुंखे विहार इलाके में पानी का टैंकर भेजिए,hi,WATER,P2,salunke_vihar,W14
"public toilet खूप dirty आहे, please लवकर action घ्या",mix,HEALTH,P3,,
डेक्कनमध्ये अनधिकृत टपऱ्या उभ्या आहेत,mr,ENCROACH,P3,deccan,W10
स्ट्रीट लाइट बंद है। तुरंत कार्रवाई करें,hi,ELEC,P3,,
आमच्या भागात बागेत गवत वाढले आहे,mr,TREE,P3,,
रस्त्याचे काम अर्धवट सोडले आहे. कोणीही दखल घेत नाही,mr,ROAD,P3,,
"बाणेर में नाली जाम है, तुरंत कार्रवाई करें",hi,DRAIN,P2,baner,W01
"फातिमा नगरमध्ये कुत्र्यांची नसबंदी करावी, कोणीही दखल घेत नाही",mr,VET,P4,fatima_nagar,W14
"bhawani peth मध्ये रात्री construction noise असतो, complaint करूनही response नाही",mix,BUILD,P4,bhavani_peth,W02
धनकवडी इलाके में मैनहोल का ढक्कन गायब है,hi,DRAIN,P1,dhankawadi,W13
"दुभाजक तुटून सळ्या बाहेर आल्या आहेत, कोणीही दखल घेत नाही",mr,ROAD,P2,,
कूड़ा नहीं उठाया गया,hi,SWM,P3,,
dhayari madhe divsa pan light chalu asto,rom,ELEC,P4,dhayari,W11
मुंडवा भागात गल्लीत एकही दिवा चालू नाही,mr,ELEC,P3,mundhwa,W05
पौड रोड भागात झाडांची छाटणी करावी,mr,TREE,P4,paud_road,W08
नाले की सफाई नहीं हुई। तुरंत कार्रवाई करें,hi,DRAIN,P3,,
पथदिवा सतत बंद-चालू होतो. कृपया लवकर लक्ष द्या,mr,ELEC,P4,,
शिवणे मध्ये rats चा problem आहे,mix,HEALTH,P3,shivane,W12
"Fatima Nagar madhe divebatti lagat nahi, complaint karun pan kahi zala nahi",rom,ELEC,P3,fatima_nagar,W14
आमच्या भागात राडारोडा रस्त्याकडेला टाकला आहे,mr,SWM,P3,,
"एरंडवणेमध्ये पिसाळलेला कुत्रा फिरत आहे, लवकर कारवाई करा",mr,VET,P1,erandwane,W08
नारायण पेठ मध्ये nala cleaning झाली नाही,mix,DRAIN,P3,narayan_peth,W06
oundh मध्ये road वर मोठे potholes आहेत,mix,ROAD,P3,aundh,W01
"भवानी पेठ में पेड़ की डाल टूटकर लटक रही है, लोग परेशान हैं",hi,TREE,P1,bhavani_peth,W02
"जुनी इमारत धोकादायक झाली आहे, भाग कोसळत आहे. कोणीही दखल घेत नाही",mr,BUILD,P1,,
एरंडवणामध्ये डेंग्यूचे अनेक रुग्ण आढळले,mr,HEALTH,P1,erandwane,W08
kalyani nagar मध्ये tanker पाठवा please,mix,WATER,P2,kalyani_nagar,W09
vanvadi madhe hatgadyamule traffic hota,rom,ENCROACH,P3,wanowrie,W14
मलेरियाचे रुग्ण वाढत आहेत. नागरिक त्रस्त आहेत,mr,HEALTH,P2,,
कोंढवा भागात नाल्याची सफाई झालेली नाही,mr,DRAIN,P3,kondhwa,W07
विश्रांतवाडी परिसरात फुटपाथ तुटलेला आहे,mr,ROAD,P3,vishrantwadi,W15
Sahakarnagar madhe illegal hoarding lavla ahe,rom,ENCROACH,P3,sahakarnagar,W13
"gokhalenagar madhe kachra gaadi aali nahi, lok trast ahet",rom,SWM,P3,gokhalenagar,W10
"सहकारनगरमध्ये टँकर पाठवा, पिण्यासाठी पाणी नाही, लवकर कारवाई करा",mr,WATER,P2,sahakarnagar,W13
आवारा कुत्तों का आतंक है,hi,VET,P3,,
मगरपट्टा परिसरात कचराकुंडी तुटली आहे,mr,SWM,P4,magarpatta,W05
गड्ढे की वजह से एक्सीडेंट हुआ। तुरंत कार्रवाई करें,hi,ROAD,P2,,
"Warje madhe pani kami pressure ne yeta, complaint karun pan kahi zala nahi",rom,WATER,P3,warje,W12
नई सड़क कुछ दिनों में उखड़ गई। तुरंत कार्रवाई करें,hi,ROAD,P3,,
"fogging करा please, complaint करूनही response नाही",mix,HEALTH,P3,,
पाणी येण्याची वेळ अनिश्चित असते. कृपया लवकर लक्ष द्या,mr,WATER,P4,,
"divebatti lagat nahi, lavkar action ghya",rom,ELEC,P3,,
"आमच्या भागात गटार उघडे आहे, दुर्गंधी येते",mr,DRAIN,P3,,
"कोथरुडमध्ये गटार उघडे आहे, दुर्गंधी येते",mr,DRAIN,P3,kothrud,W08
construction dust मुळे त्रास होतो,mix,BUILD,P3,,
धनकवडी परिसरात वाळलेले झाड कधीही पडेल,mr,TREE,P1,dhankawadi,W13
"pipeline leak झाली आहे, complaint करूनही response नाही",mix,WATER,P3,,
एफसी रोडमध्ये रात्री बांधकामाचा आवाज होतो,mr,BUILD,P4,fc_road,W10
धानोरीमध्ये कुत्र्यांची नसबंदी करावी,mr,VET,P4,dhanori,W15
"market yard मध्ये dogs रात्रभर भुंकतात, रोजचा problem झालाय",mix,VET,P4,market_yard,W03
"कसबा पेठमध्ये डेंग्यूचे अनेक रुग्ण आढळले, नागरिक त्रस्त आहेत",mr,HEALTH,P1,kasba_peth,W06
सूस रोड येथे माकडांचा उपद्रव वाढला आहे,mr,VET,P3,sus_road,W01
"amchya area madhe kachra jalat ahet, dhur yeto",rom,SWM,P2,,
junya gadya padun ahet,rom,ENCROACH,P4,,
"एरंडवणामध्ये फेरीवाल्यांनी फुटपाथ अडवला आहे, तक्रार करूनही काही झाले नाही",mr,ENCROACH,P3,erandwane,W08
येवलेवाडीमध्ये घंटागाडी वेळेवर येत नाही,mr,SWM,P3,yewalewadi,W07
कर्वेनगर येथे डासांचा खूप त्रास आहे,mr,HEALTH,P3,karvenagar,W12
"पद्मावतीमध्ये रस्ता खचला आहे आणि मोठा खड्डा तयार झाला, लवकर कारवाई करा",mr,ROAD,P2,padmavati,W13
पिसाळलेला कुत्रा फिरत आहे,mr,VET,P1,,
yewalewadi madhe jhadanchi chhatni kara,rom,TREE,P4,yewalewadi,W07
"टिंगरेनगरमध्ये घंटागाडी वेळेवर येत नाही, कोणीही दखल घेत नाही",mr,SWM,P3,tingre_nagar,W15
Kothrud madhe divsa pan light chalu asto,rom,ELEC,P4,kothrud,W08
वडगाव बुद्रुकमध्ये खांबाला करंट येतो,mr,ELEC,P1,vadgaon_budruk,W11
"मयूर कॉलनी में नल में गंदा पानी आ रहा है, लोग परेशान हैं",hi,WATER,P2,mayur_colony,W08
मैनहोल का ढक्कन गायब है। कृपया जल्दी ध्यान दें,hi,DRAIN,P1,,
बांधकामाची धूळ घरात येते,mr,BUILD,P3,,
sadashiv peth area मध्ये road वर मोठे potholes आहेत,mix,ROAD,P3,sadashiv_peth,W06
बाजारातील कचरा उचलला जात नाही. लवकर कारवाई करा,mr,SWM,P3,,
balewadi madhe speed breaker la patte nahit,rom,ROAD,P4,balewadi,W01
मयूर कॉलनी परिसरात ड्रेनेज लाइन फुटली आहे,mr,DRAIN,P2,mayur_colony,W08
गुरुवार पेठ भागात विजेची तार खांबावरून लोंबकळत आहे,mr,ELEC,P1,guruwar_peth,W02
रस्ता खोदून परत बुजवला नाही,mr,ROAD,P3,,
"parvangi shivay bandhkam chalu ahe, please lavkar bagha",rom,BUILD,P3,,
धायरीमध्ये डेंग्यूचे अनेक रुग्ण आढळले,mr,HEALTH,P1,dhayari,W11
सूस रोड में मरा हुआ जानवर पड़ा है,hi,VET,P2,sus_road,W01
टिंबर मार्केटमध्ये नळाला गढूळ पाणी येते,mr,WATER,P2,timber_market,W02
पेव्हर ब्लॉक निघाले आहेत. लवकर कारवाई करा,mr,ROAD,P3,,
"खराडीमध्ये नवीन नळजोडणी झालेली नाही, कोणीही दखल घेत नाही",mr,WATER,P4,kharadi,W09
Market Yard la kachra gaadi aali nahi,rom,SWM,P3,market_yard,W03
फातिमानगर भागात नळाला गढूळ पाणी येते,mr,WATER,P2,fatima_nagar,W14
चंदन नगर area मध्ये रात्री पूर्ण dark असतं,mix,ELEC,P3,chandan_nagar,W09
"हमारे इलाके में रात को अंधेरा रहता है, लाइट नहीं जलती",hi,ELEC,P3,,
"डेक्कनमध्ये डुकरांचा वावर वाढला आहे, तक्रार करूनही काही झाले नाही",mr,VET,P3,deccan,W10
dukandarane rastyavar saman thevla,rom,ENCROACH,P3,,
कूड़ेदान भर गया है,hi,SWM,P3,,
"fogging करा please, लवकर काहीतरी करा please",mix,HEALTH,P3,,
baner area मध्ये terrace वर illegal shed बांधलंय,mix,BUILD,P4,baner,W01
मुंढवा में बिजली का तार लटक रहा है,hi,ELEC,P1,mundhwa,W05
"Kothrud madhe jhad parvangi shivay todla, please lavkar bagha",rom,TREE,P3,kothrud,W08
"झाड वाकलंय, पडेल असं वाटतं",mix,TREE,P1,,
"bhawani peth मध्ये fogging करा please, लवकर काहीतरी करा please",mix,HEALTH,P3,bhavani_peth,W02
"वडगाव बुद्रुकमध्ये नळाला पाणी आलेले नाही, कृपया लवकर लक्ष द्या",mr,WATER,P2,vadgaon_budruk,W11
"रात को अंधेरा रहता है, लाइट नहीं जलती, तुरंत कार्रवाई करें",hi,ELEC,P3,,
"drainage block झालंय, complaint करूनही response नाही",mix,DRAIN,P2,,
उद्यानाची देखभाल होत नाही,mr,TREE,P4,,
bopodi la street light band hai,rom,ELEC,P3,bopodi,W01
मुंडवा परिसरात पिसाळलेला कुत्रा फिरत आहे,mr,VET,P1,mundhwa,W05
माणिकबाग भागात बागेत गवत वाढले आहे,mr,TREE,P3,manikbaug,W11
divebatti lagat nahi,rom,ELEC,P3,,
"मॉडेल कॉलनीमध्ये झाड रस्त्यावर पडले आहे, कृपया लवकर लक्ष द्या",mr,TREE,P1,model_colony,W10
"bhint padayla ali ahe, please lavkar bagha",rom,BUILD,P1,,
कावीळीची साथ पसरली आहे. नागरिक त्रस्त आहेत,mr,HEALTH,P1,,
"मयूर कॉलनी में पैदल रास्ते पर रेहड़ी वालों ने जगह घेर ली है, कृपया जल्दी ध्यान दें",hi,ENCROACH,P3,mayur_colony,W08
"dead animal पडलंय, please लवकर action घ्या",mix,VET,P2,,
"garbage जाळतात, धूर घरात येतो, रोजचा problem झालाय",mix,SWM,P2,,
"धनकवडी मध्ये कचऱ्याचा मोठा dump झालाय, रोजचा problem झालाय",mix,SWM,P3,dhankawadi,W13
upper indiranagar मध्ये rats चा problem आहे,mix,HEALTH,P3,upper_indiranagar,W03
"वारजेमध्ये साचलेल्या पाण्यात डासांच्या अळ्या आहेत, लवकर कारवाई करा",mr,HEALTH,P3,warje,W12
"Bibwewadi madhe wire latkat ahe khambavar, lok trast ahet",rom,ELEC,P1,bibwewadi,W03
bhavani peth area मध्ये toilet मध्ये water नाही,mix,HEALTH,P3,bhavani_peth,W02
दुभाजक तुटून सळ्या बाहेर आल्या आहेत,mr,ROAD,P2,,
नवीन पथदिवे लावावेत,mr,ELEC,P4,,
मॉडेल कॉलनी येथे रात्रभर कुत्री भुंकतात,mr,VET,P4,model_colony,W10
माकडांचा उपद्रव वाढला आहे,mr,VET,P3,,
bandhkamachi dhul gharat yete,rom,BUILD,P3,,
"monkeys चा त्रास आहे, please लवकर action घ्या",mix,VET,P3,,
फॉगिंग नहीं हुई। लोग परेशान हैं,hi,HEALTH,P3,,
upper indiranagar मध्ये shop चा माल road वर ठेवतात,mix,ENCROACH,P3,upper_indiranagar,W03
वारजे परिसरात साचलेल्या पाण्यात डासांच्या अळ्या आहेत,mr,HEALTH,P3,warje,W12
सहकार नगरमध्ये बांधकामाच्या ठिकाणी सुरक्षा जाळी नाही,mr,BUILD,P2,sahakarnagar,W13
"dog ने chavla, injection घ्यावं लागलं, लवकर काहीतरी करा please",mix,VET,P1,,
Fc Road la kachryacha dheeg padla ahe,rom,SWM,P3,fc_road,W10
Oundh madhe rasta khodun tasach sodla ahe,rom,ROAD,P3,aundh,W01
"विमाननगर भागात पावसाचे पाणी साचते, निचरा होत नाही",mr,DRAIN,P2,viman_nagar,W09
"फर्ग्युसन रोड में मैनहोल का ढक्कन गायब है, तुरंत कार्रवाई करें",hi,DRAIN,P1,fc_road,W10
शिवणे येथे रस्ता खोदून परत बुजवला नाही,mr,ROAD,P3,shivane,W12
"आमच्या society जवळ gutter overflow होतोय, वास येतो",mix,DRAIN,P2,,
"टिंबर मार्केटमध्ये नळाला गढूळ पाणी येते, लवकर कारवाई करा",mr,WATER,P2,timber_market,W02
नळाला पाणी आलेले नाही,mr,WATER,P2,,
कोथरूड भागात बांधकामाची धूळ घरात येते,mr,BUILD,P3,kothrud,W08
"जुनी इमारत धोकादायक झाली आहे, भाग कोसळत आहे. लवकर कारवाई करा",mr,BUILD,P1,,
"Singhad Road madhe bhatki kutri khup ahet, complaint karun pan kahi zala nahi",rom,VET,P3,sinhagad_road,W11
wanwadi la gutter overflow hot ahe,rom,DRAIN,P2,wanowrie,W14
"बावधन में बगीचे की देखभाल नहीं होती, तुरंत कार्रवाई करें",hi,TREE,P4,bavdhan,W08
डेक्कन येथे परवानगीशिवाय झाड तोडले,mr,TREE,P3,deccan,W10
"झाडाची फांदी तुटून लोंबकळत आहे, तक्रार करूनही काही झाले नाही",mr,TREE,P1,,
amchya area madhe kooda nahi uthaya gaya,rom,SWM,P3,,
"सूस रोडमध्ये पथदिवे बंद आहेत, नागरिक त्रस्त आहेत",mr,ELEC,P3,sus_road,W01
Senapati Bapat Road madhe gai rastyat bastat,rom,VET,P3,sb_road,W10
बांधकामाच्या ठिकाणी सुरक्षा जाळी नाही. नागरिक त्रस्त आहेत,mr,BUILD,P2,,
"gutter overflow होतोय, वास येतो, लवकर काहीतरी करा please",mix,DRAIN,P2,,
dhankawadi la khaddyamule accident zala,rom,ROAD,P2,dhankawadi,W13
"yerwada मध्ये water supply बंद आहे, रोजचा problem झालाय",mix,WATER,P2,yerawada,W15
ghantagadi vel var yet nahi,rom,SWM,P3,,
पथदिवे बंद आहेत. कृपया लवकर लक्ष द्या,mr,ELEC,P3,,
विजेची तार खांबावरून लोंबकळत आहे. नागरिक त्रस्त आहेत,mr,ELEC,P1,,
"tree रस्त्यावर पडलंय, लवकर काहीतरी करा please",mix,TREE,P1,,
शिवाजी नगर area मध्ये stray dogs चा त्रास आहे,mix,VET,P3,shivajinagar,W10
"साडेसतरा नळीमध्ये कावीळीची साथ पसरली आहे, कृपया लवकर लक्ष द्या",mr,HEALTH,P1,sade_satra_nali,W05
amchya area madhe street light band hai,rom,ELEC,P3,,
amchya area madhe navin nal connection milala nahi,rom,WATER,P4,,
"illegal majla bandhla, complaint karun pan kahi zala nahi",rom,BUILD,P3,,
फातिमानगर भागात नळाला पाणी आलेले नाही,mr,WATER,P2,fatima_nagar,W14
"park ची maintenance नाही, रोजचा problem झालाय",mix,TREE,P4,,
"bhatki kutri khup ahet, please lavkar bagha",rom,VET,P3,,
झाडाच्या फांद्या तारांना लागतात,mr,TREE,P2,,
"ढोले पाटील रोडमध्ये दुकानदारांनी पत्र्याचे छत रस्त्यापर्यंत वाढवले आहे, लवकर कारवाई करा",mr,ENCROACH,P3,dhole_patil_road,W04
पौड रोड येथे रस्ता खचला आहे आणि मोठा खड्डा तयार झाला,mr,ROAD,P2,paud_road,W08
amchya area madhe bhint padayla ali ahe,rom,BUILD,P1,,
"garbage उचलला नाही, रोजचा problem झालाय",mix,SWM,P3,,
कावीळीची साथ पसरली आहे,mr,HEALTH,P1,,
चंदननगर में कचरे का ढेर लगा है,hi,SWM,P3,chandan_nagar,W09
राडारोडा रस्त्याकडेला टाकला आहे,mr,SWM,P3,,
"baget gavat vadhla ahe, lok trast ahet",rom,TREE,P3,,
"Gultekdi madhe tanker pathva pani nahi, lok trast ahet",rom,WATER,P2,gultekdi,W03
"kalyani nagar मध्ये tree रस्त्यावर पडलंय, complaint करूनही response नाही",mix,TREE,P1,kalyani_nagar,W09
मार्केट यार्ड भागात अनधिकृत मजला बांधला जात आहे,mr,BUILD,P3,market_yard,W03
bibwewadi area मध्ये rain water साचतंय,mix,DRAIN,P2,bibwewadi,W03
"फर्ग्युसन रोडमध्ये जखमी जनावर रस्त्यावर पडले आहे, कृपया लवकर लक्ष द्या",mr,VET,P2,fc_road,W10
amchya area madhe rastyavar khup khadde ahet,rom,ROAD,P3,,
"manik baug मध्ये old building धोकादायक आहे, कधीही कोसळेल",mix,BUILD,P1,manikbaug,W11
वानवडीमध्ये डांबरीकरणानंतर लगेच रस्ता उखडला,mr,ROAD,P3,wanowrie,W14
कचरा गाड़ी समय पर नहीं आती,hi,SWM,P3,,
गटार भरून वाहत आहे,mr,DRAIN,P2,,
फुटपाथ तुटलेला आहे,mr,ROAD,P3,,
झाडांची छाटणी करावी,mr,TREE,P4,,
"public toilet खूप dirty आहे, रोजचा problem झालाय",mix,HEALTH,P3,,
"कौसरबागमध्ये इमारतीची भिंत पडायला आली आहे, तक्रार करूनही काही झाले नाही",mr,BUILD,P1,kausar_baug,W07
Wanowrie madhe makadancha tras ahe,rom,VET,P3,wanowrie,W14
माकडांचा उपद्रव वाढला आहे. कोणीही दखल घेत नाही,mr,VET,P3,,
"pavsache pani sachte, lavkar action ghya",rom,DRAIN,P2,,
baner madhe mela kutra padla ahe,rom,VET,P2,baner,W01
बोपोडी येथे कुत्र्याने मुलाला चावा घेतला,mr,VET,P1,bopodi,W01
कूड़ेदान भर गया है। लोग परेशान हैं,hi,SWM,P3,,
हमारे इलाके में चूहों की समस्या बढ़ गई है,hi,HEALTH,P3,,
वारजे माळवाडी येथे ओला सुका कचरा वेगळा उचलला जात नाही,mr,SWM,P4,warje_malwadi,W12
पाणी कमी दाबाने येते,mr,WATER,P3,,
"karvenagar madhe dasancha khup tras ahe, please lavkar bagha",rom,HEALTH,P3,karvenagar,W12
वानवडीमध्ये उंदरांचा उपद्रव वाढला आहे,mr,HEALTH,P3,wanowrie,W14
आमच्या भागात परवानगीशिवाय बांधकाम सुरू आहे,mr,BUILD,P3,,
कोरेगाव पार्क परिसरात परवानगीशिवाय बांधकाम सुरू आहे,mr,BUILD,P3,koregaon_park,W04
माणिकबाग परिसरात सांडपाणी घरात येत आहे,mr,DRAIN,P1,manikbaug,W11
आमच्या society जवळ stray dogs चा त्रास आहे,mix,VET,P3,,
मॅनहोलचे झाकण तुटले आहे. कृपया लवकर लक्ष द्या,mr,DRAIN,P1,,
टिंबर मार्केटमध्ये व्हॉल्व्ह गळत आहे,mr,WATER,P3,timber_market,W02
"माणिकबागमध्ये रस्त्याचे काम अर्धवट सोडले आहे, कृपया लवकर लक्ष द्या",mr,ROAD,P3,manikbaug,W11
माकडांचा उपद्रव वाढला आहे. कृपया लवकर लक्ष द्या,mr,VET,P3,,
"rabid dog फिरतोय, रोजचा problem झालाय",mix,VET,P1,,
सुस रोडमध्ये नाल्यावर अनधिकृत बांधकाम केले,mr,BUILD,P3,sus_road,W01
"toilet मध्ये water नाही, लवकर काहीतरी करा please",mix,HEALTH,P3,,
Balewadi la wire latkat ahe khambavar,rom,ELEC,P1,balewadi,W01
बालाजीनगर भागात विजेची तार खांबावरून लोंबकळत आहे,mr,ELEC,P1,balaji_nagar,W13
monkeys चा त्रास आहे,mix,VET,P3,,
रामटेकडी भागात नळाला गढूळ पाणी येते,mr,WATER,P2,ramtekdi,W14
"कळस मध्ये hoarding वाकलंय, पडू शकतं, रोजचा problem झालाय",mix,ENCROACH,P1,kalas,W15
सीवर का पानी घर में आ रहा है। कोई सुनवाई नहीं हो रही,hi,DRAIN,P1,,
"कात्रज area मध्ये dog ने chavla, injection घ्यावं लागलं",mix,VET,P1,katraj,W13
हडपसर भागात उंदरांचा उपद्रव वाढला आहे,mr,HEALTH,P3,hadapsar,W05
अप्पर इंदिरानगर area मध्ये wet dry waste वेगळा घेत नाहीत,mix,SWM,P4,upper_indiranagar,W03
सार्वजनिक शौचालय घाण आहे. लवकर कारवाई करा,mr,HEALTH,P3,,
amchya area madhe gadhul pani yeta nalala,rom,WATER,P2,,
"पौड रोडमध्ये झाडाच्या फांद्या तारांना लागतात, नागरिक त्रस्त आहेत",mr,TREE,P2,paud_road,W08
आमच्या भागात रस्ता खचला आहे आणि मोठा खड्डा तयार झाला,mr,ROAD,P2,,
Marketyard la rastyavar khup khadde ahet,rom,ROAD,P3,market_yard,W03
मगरपट्टा परिसरात सार्वजनिक जागेवर कब्जा केला आहे,mr,ENCROACH,P3,magarpatta,W05
झाडांची छाटणी करावी. लवकर कारवाई करा,mr,TREE,P4,,
आमच्या society जवळ रात्री पूर्ण dark असतं,mix,ELEC,P3,,
धानोरी येथे नळाला गढूळ पाणी येते,mr,WATER,P2,dhanori,W15
कचऱ्याचा मोठा dump झालाय,mix,SWM,P3,,
गुलटेकडी भागात साचलेल्या पाण्यात डासांच्या अळ्या आहेत,mr,HEALTH,P3,gultekdi,W03
सुस रोडमध्ये राडारोडा रस्त्याकडेला टाकला आहे,mr,SWM,P3,sus_road,W01
बावधनमध्ये लोक उघड्यावर कचरा टाकतात,mr,SWM,P3,bavdhan,W08
"कात्रजमध्ये पाणी कमी दाबाने येते, तक्रार करूनही काही झाले नाही",mr,WATER,P3,katraj,W13
"gutter overflow hot ahe, lok trast ahet",rom,DRAIN,P2,,
tree रस्त्यावर पडलंय,mix,TREE,P1,,
हडपसर येथे नवीन नळजोडणी झालेली नाही,mr,WATER,P4,hadapsar,W05
आमच्या society जवळ water supply बंद आहे,mix,WATER,P2,,
"कसबा पेठ में बंदरों का उत्पात बढ़ गया है, तुरंत कार्रवाई करें",hi,VET,P3,kasba_peth,W06
आमच्या society जवळ wet dry waste वेगळा घेत नाहीत,mix,SWM,P4,,
मुंडवा येथे उद्यानातील खेळणी तुटली आहेत,mr,TREE,P4,mundhwa,W05
"gadhul pani yeta nalala, lavkar action ghya",rom,WATER,P2,,
"illegal banner लावलेत, please लवकर action घ्या",mix,ENCROACH,P3,,
"कौसरबागमध्ये भटक्या कुत्र्यांचा त्रास वाढला आहे, कोणीही दखल घेत नाही",mr,VET,P3,kausar_baug,W07
टिंबर मार्केट येथे नळाला पाणी आलेले नाही,mr,WATER,P2,timber_market,W02
fc road मध्ये road खोदून तसाच सोडलाय,mix,ROAD,P3,fc_road,W10
कचरे का ढेर लगा है। तुरंत कार्रवाई करें,hi,SWM,P3,,
कर्वे नगर इलाके में फॉगिंग नहीं हुई,hi,HEALTH,P3,karvenagar,W12
औंध परिसरात बाजारातील कचरा उचलला जात नाही,mr,SWM,P3,aundh,W01
ratri bandhkamacha aavaj,rom,BUILD,P4,,
"park ची maintenance नाही, complaint करूनही response नाही",mix,TREE,P4,,
"जखमी जनावर रस्त्यावर पडले आहे, कोणीही दखल घेत नाही",mr,VET,P2,,
आमच्या भागात खांबाला करंट येतो,mr,ELEC,P1,,
आमच्या society जवळ road खोदून तसाच सोडलाय,mix,ROAD,P3,,
"धनकवडी भागात जलवाहिनी फुटली आहे, पाणी वाया जात आहे",mr,WATER,P2,dhankawadi,W13
साळुंखे विहार येथे भटक्या कुत्र्यांचा त्रास वाढला आहे,mr,VET,P3,salunke_vihar,W14
आमच्या भागात ड्रेनेज तुंबले आहे,mr,DRAIN,P2,,
yewalewadi area मध्ये low pressure मुळे पाणी वर जात नाही,mix,WATER,P3,yewalewadi,W07
जखमी जनावर रस्त्यावर पडले आहे. कृपया लवकर लक्ष द्या,mr,VET,P2,,
धायरी में सड़क का काम अधूरा छोड़ दिया गया है,hi,ROAD,P3,dhayari,W11
bibvewadi area मध्ये tree रस्त्यावर पडलंय,mix,TREE,P1,bibwewadi,W03
toilet मध्ये water नाही,mix,HEALTH,P3,,
"चंदन नगरमध्ये डेंग्यूचे अनेक रुग्ण आढळले, कृपया लवकर लक्ष द्या",mr,HEALTH,P1,chandan_nagar,W09
येरवडा येथे अनधिकृत मजला बांधला जात आहे,mr,BUILD,P3,yerawada,W15
light pole वाकलाय,mix,ELEC,P2,,
कोरेगाव पार्क भागात रात्री बांधकामाचा आवाज होतो,mr,BUILD,P4,koregaon_park,W04
मेलेले जनावर रस्त्यावर पडले आहे. तक्रार करूनही काही झाले नाही,mr,VET,P2,,
"नाना पेठमध्ये मॅनहोलचे झाकण तुटले आहे, कृपया लवकर लक्ष द्या",mr,DRAIN,P1,nana_peth,W02
आमच्या society जवळ light pole वाकलाय,mix,ELEC,P2,,
दिवसाही पथदिवे चालू असतात. नागरिक त्रस्त आहेत,mr,ELEC,P4,,
"वारजे मध्ये gutter overflow होतोय, वास येतो",mix,DRAIN,P2,warje,W12
विमाननगर येथे रात्री बांधकामाचा आवाज होतो,mr,BUILD,P4,viman_nagar,W09
"nal mein pani nahi aa raha, lok trast ahet",rom,WATER,P2,,
आमच्या society जवळ dengue चे cases वाढलेत,mix,HEALTH,P1,,
"मार्केट यार्ड में नई सड़क कुछ दिनों में उखड़ गई, कृपया जल्दी ध्यान दें",hi,ROAD,P3,market_yard,W03
"धायरी भागात गटार उघडे आहे, दुर्गंधी येते",mr,DRAIN,P3,dhayari,W11
एरंडवणा परिसरात बाजारातील कचरा उचलला जात नाही,mr,SWM,P3,erandwane,W08
Vadgaon Sheri la pipeline futli ahe,rom,WATER,P2,wadgaon_sheri,W09
हमारे इलाके में नाली जाम है,hi,DRAIN,P2,,
"jhad rastyavar padla ahe, complaint karun pan kahi zala nahi",rom,TREE,P1,,
"मेलेले जनावर रस्त्यावर पडले आहे, लवकर कारवाई करा",mr,VET,P2,,
amchya area madhe khaddyamule accident zala,rom,ROAD,P2,,
deccan madhe malaria che cases ahet,rom,HEALTH,P2,deccan,W10
कसबा पेठ मध्ये abandoned vehicles पडून आहेत,mix,ENCROACH,P4,kasba_peth,W06
"permission शिवाय construction चालू आहे, complaint करूनही response नाही",mix,BUILD,P3,,
पानी का प्रेशर बहुत कम है,hi,WATER,P3,,
सार्वजनिक शौचालय घाण आहे,mr,HEALTH,P3,,
"drainage tumbla ahe, complaint karun pan kahi zala nahi",rom,DRAIN,P2,,
पथदिव्याचा खांब वाकला आहे,mr,ELEC,P2,,
